Russia,apple,veal,carrot,turnip,white_bread,milk,cream,lemon,cayenne,celery,milk_fat,horseradish,vegetable,vegetable oil,pepper,kohlrabi,vinegar,shallot,black pepper,champagne_wine,garlic,bone oil,butter,juniper_berry,lovage,onion,thyme,bay,nutmeg
Russia,cane_molasses,pork,marjoram,wheat,mushroom,tabasco_pepper,red_wine,bacon,carrot,garlic,tamarind,seed,cabbage,pork sausage,meat,tomato,vinegar,caraway,sauerkraut,onion,cayenne,bay,black pepper,smoked_sausage,bell pepper,smoke,basil,beef_broth,
Russia,clove,mayonaise,potato,apple,ham,cucumber,onion,green olive,water,chicken breasts,dill,carrot,celery,tomato,pepper,egg,lemon juice,sour cream,capers,dijon mustard,pea,dill garlic cloves,thyme,bay leaf,,,,,
Russia,turnip,black pepper,bay leaf,butter,garlic,onion,parsnip,potato,parsley,beet,sour cream,chuck,tomato,dried allspice berries,meat,soup bones,carrot,cabbage,water,water,beef base,lemon juice,celery root,,,,,,
Russia,black pepper,butter,bay leaf,sausage,mushroom,hungarian sweet paprika,water,tomato,kalamata,dill garlic cloves,onion,tomato,black pepper,beef stock,garlic,ham,marjoram,capers,veal,mushroom,flour,dill weed,pickle juice,,,,,,
Russia,black pepper,sliced oilve,beef base,tomato,oil,cabbage,light sour cream,water,white wine,lemon,allspice berries,cooked chicken breasts,capers,sausage,salami,chopped celery,dill garlic cloves,tomato,dill,bay leaf,spices,onion,,,,,,,
Russia,oxtails,carrot,celery,sauerkraut,leek,hen,beet,flour,onion,black pepper,potato,butter,dill,thyme,parsley,tomato ,bouillon cube,bay leaf,garlic,fat,sour cream,white peppercorns,,,,,,,
Russia,dill,kidney beans,mushroom,lemon,pepper,garlic,fresh cilantro,butter,butter,plum,scallion,smoked & dried fish,pepper,feta cheese,vinegar,oilve,sour cream,olive oil,egg,creamed horseradish,pitted prunes,,,,,,,,
Russia,turnip,flanken short ribs,garlic,beet,parsley,cabbage,water,lemon,butter oil,sour cream,celery root,parsnip,potato,dill,carrot,broth,tomato,black pepper,allspice berries,onion,,,,,,,,,
Russia,parsnip,black pepper,vegetable oil,sour cream,mushroom,bay leaf,vegetable broth,sauerkraut juice,marjoram,dill,leek,black pepper,ground allspice,celery,seed,sauerkraut,white wine,garlic,carrot,,,,,,,,,,
Russia,olive_oil,lemon_juice,apple,dill,fish,black pepper,champagne_wine,lettuce,seed,cucumber,vegetable oil,salmon_roe,cream,vinegar,caraway,parsley,horseradish,beet,garlic,,,,,,,,,,
Russia,soft goat's cheese,seed,egg,butter,pepper,fresh cilantro,black pepper,havarti cheese,flour,water,feta cheese,green onion,garlic,ramps,olive oil,active dry yeast,lemon zest,fresh mint,,,,,,,,,,,
Russia,dill,marjoram,wheat,mushroom,black pepper,garlic,tomato,olive,pork sausage,butter,vinegar,ham,onion,bay,smoked_sausage,veal,bell pepper,beef_broth,,,,,,,,,,,
Russia,water,parsley,gingerroot,cabbage,old-fashioned oatmeal,potato,garlic,dill weed,italian seasoning,black pepper,soy  sauce,herb seasoning,ground beef,mustard,prepared horseradish,soy  sauce,ground turkey,condensed golden mushroom soup,,,,,,,,,,,
Russia,chicken_broth,black pepper,potato flakes,celery,white kidney beans,soy  sauce,garlic,bell pepper,onion,vinegar,water,beet,chicken-flavored soup powder,water,bell pepper,potato,carrot,dill weed,,,,,,,,,,,
Russia,cane_molasses,olive_oil,marjoram,wheat,celery_oil,corn,seed,garlic,tamarind,bread,tomato,vinegar,caraway,onion,beef,cayenne,bell pepper,,,,,,,,,,,,
Russia,tomato,cabbage,chopped onion,sour cream,dill,water,potato,garlic,canola oil,parsnip,vinegar,light beer,beet,celery root,black pepper,mushroom,carrot,,,,,,,,,,,,
Russia,cabbage,pepper,vegetable bouillon,lemon,sour cream,tomato,beet,mushroom,dill,kidney beans,butter,carrot,tomato,water,potato, onion,celery,,,,,,,,,,,,
Russia,shortening,finely chopped onion,water,dill,dill,water,white wine,lemon juice,egg,pepper,mushroom,red pepper,long-grain rice,salmon fillets,milk,butter,flour,,,,,,,,,,,,
Russia,potato,sunflower oil,sour cream,peppercorns,sauerkraut,mushroom,dill,onion,celery root,beef,heavy cream,carrot,marjoram,bay leaf,garlic,celery,mushroom,,,,,,,,,,,,
Russia,egg,white_flour,rosemary,apple,mushroom,milk,butter,dill,cabbage,brown ,pepper,flour,onion,water,active dry yeast,seed,oil,,,,,,,,,,,,
Russia,tomato,water,sour cream,olive,garlic,butter,ham,brine,chicken_broth,flour,dill,chopped cilantro,celery ribs,pepper,lemon,carrot,onion,,,,,,,,,,,,
Russia,pitted oilve,stewing beef,tomato,sausage,tomato,pepper,mushroom,lemon slices,sour cream,garlic,flour,carrot,capers,water,parsley,ham,onion,,,,,,,,,,,,
Russia,olive_oil,black pepper,thyme,seed,garlic,butter,cream,turkey,caraway,meat,onion,potato,egg noodles,chicken_broth,bay,bell pepper,pumpkin,,,,,,,,,,,,
Russia,fresh spinach,egg yolk,garlic,onion,dill,milk,vegetable oil,lemon rind,cream cheese,pepper,mushroom,flour,lemon juice,salmon fillets,butter,long-grain rice,sour cream,,,,,,,,,,,,
Russia,water,light molasses,egg,whipped cream,ground cinnamon,baking soda,semi-sweet chocolate,light corn syrup,flour,ground ginger,golden brown ,butter,baking powder,ground cloves,crystallized ginger,peeled fresh ginger,vanillaextract,,,,,,,,,,,,
Russia,dill,black pepper,honey,carrot,tomato,cabbage,cream,butter,vinegar,caraway,onion,potato,cider,celery,seed,beet,vegetable,,,,,,,,,,,,
Russia,celery ribs,black pepper,cauliflower florets,green pepper,pepper,water,butter,tomato,fresh lemon juice,cabbage,potato,whipped cream,dried dillweed,onion,beet,red pepper,carrot,,,,,,,,,,,,
Russia,celery ribs,vinegar,potato,beet,onion,tomato ,tomato,butter,sour cream,seed,honey,vegetable stock,carrot,black pepper,cabbage,dill weed,,,,,,,,,,,,,
Russia,olive_oil,green_bell_pepper,carrot,garlic,cream,tomato,caraway,onion,beef,potato,parsley,parsnip,celery,seed,bell pepper,beef_broth,,,,,,,,,,,,,
Russia,water,tomato,garlic,carrot,bell pepper,swiss chard,tomato,dried dillweed,onion,olive oil,potato,celery,silken tofu,black pepper,vegetable broth,beet,,,,,,,,,,,,,
Russia,fresh basil,bay leaf,sour cream,pepper,lemon,beet,onion,dill,butter,beef_broth,parsley,tomato,potato,garlic,carrot,cabbage,,,,,,,,,,,,,
Russia,dill,hot dogs,sweet peas,soy  sauce,egg,white pepper,potato,dill garlic cloves,mayonaise,green onion,soy  sauce,oregano,regular sour cream,fresh cilantro,black pepper,carrot,,,,,,,,,,,,,
Russia,egg,active dry yeast,heavy cream,grated nutmeg,citron,vanillabeans,lemon juice,almond,butter,currant,ground cardamom,saffron threads,milk,golden raisins,flour,confectioner,,,,,,,,,,,,,
Russia,tomato,dill,black pepper,carrot,turnip,cream,butter,lemon,beef,onion,potato,parsley,parsnip,celery,beet,garlic,,,,,,,,,,,,,
Russia,mashed potato,potato,jeera,bread crumb fresh,chili powder,soy  sauce,chaat masala,soy  sauce,capsicum,tomato,bamboo shoots,tomato,vinegar,black pepper,oil,garlic,,,,,,,,,,,,,
Russia,candied orange peel,milk,almond,lemon juice,pure vanilla extract,water,egg yolk,rum,flour,almond,active dry yeast,egg,water,butter,golden raisins,ground cardamom,,,,,,,,,,,,,
Russia,butter,wheat,black pepper,white_wine,carrot,garlic,tomato,milk,cream,lamb,thyme,onion,potato,turnip,beef_broth,leek,,,,,,,,,,,,,
Russia,bouillon,mushroom,paprika,bell pepper,salmon fillets,watercress,starch,onion,soy  sauce,shallot,sour cream,egg,flour,butter,ground white pepper,long grain white rice,,,,,,,,,,,,,
Russia,pork,green_bell_pepper,corn,black pepper,bean,carrot,chicken,cabbage,rutabaga,tomato,onion,beef,potato,celery,vegetable oil,pea,,,,,,,,,,,,,
Russia,water,olive oil,fresh lemon juice,celery root,tomato,pepper,parsley,cabbage,store bought low sodium chicken stock,vinegar,garlic,onion,white wine,beet,carrot,short rib,,,,,,,,,,,,,
Russia,black pepper,leek,dill,onion,seed,potato,parsley,carrot,cabbage,radishes,bay leaf,garlic,tomato,beef stock,butter,sour cream,,,,,,,,,,,,,
Russia,black pepper,vinegar,garlic,onion,parsnip,vegetable oil,beet,bay leaf,celery ribs,beef,carrot,marjoram,cabbage,leek,dill,sour cream,,,,,,,,,,,,,
Russia,butter,shallot,garlic,beef tenderloin,dill,sherry vinegar,egg,grapeseed oil,flour,olive oil,truffle oil,fresh thyme,black pepper,beef stock,mushroom,sour cream,,,,,,,,,,,,,
Russia,seed,vinegar,potato,onion,celery stick,tomato,butter,carrot,dill,honey,vegetable stock,beet,black pepper,cabbage,passata,sour cream,,,,,,,,,,,,,
Russia,water,bacon,dill seed,marjoram,polish sausage,vinegar,beet,parsley,black pepper,cabbage,chopped onion,dill weed,chuck,leek,carrot,water,,,,,,,,,,,,,
Russia,brown ,vinegar,egg,brown rice_flour,molasses,butter,flax seed meal,seed,tapioca_flour,dry yeast,sorghum_flour,unsweetened cocoa powder,water,coffee granules,cooking spray,xanthan gum,,,,,,,,,,,,,
Russia,hazelnut,baking soda,confectioner,ground cinnamon,water,egg,candied fruit,ground ginger,almond,butter,flour,unsweetened cocoa powder,ground cloves,honey,baking powder,,,,,,,,,,,,,,
Russia,chicken_broth,pepper,frozen pastry puff sheets,flour,dill,black pepper,mushroom,long grain white rice,egg,water,butter,lemon juice,salmon fillets,finely chopped onion,cabbage,,,,,,,,,,,,,,
Russia,parsnip,black pepper,olive oil,sour cream,cabbage,granny smith apple,vinegar,beet,dill,fresh thyme,onion,chicken stock,honey,bacon,carrot,,,,,,,,,,,,,,
Russia,celery ribs,bell pepper,potato,sour cream,seed,olive oil,garlic,onion,hungarian sweet paprika,parsnip,canned beef broth,parsley,tomato,beef,carrot,,,,,,,,,,,,,,
Russia,water,soy  sauce,beet,onion,black pepper,potato,soy  sauce,lemon juice,ground cumin,kidney beans,oil,cabbage,bay leaf,mrs. dash seasoning mix,carrot,,,,,,,,,,,,,,
Russia,dill,vegetable oil,tomato,beet,beef stock,vinegar,yellow onion,sour cream,stew meat,cabbage,garlic,rolls,pepper,potato,carrot,,,,,,,,,,,,,,
Russia,tomato,whipped cream,beet,onion,dill,green onion,carrot,potato,canned tomato,garlic,cabbage,water,butter,green pepper,celery,,,,,,,,,,,,,,
Russia,almond,softened butter,grated lemon peel,mixed fruit,butter,egg,toasted almond,water,active dry yeast,vanillaextract,ground cardamom,almond,water,flour,confectioner,,,,,,,,,,,,,,
Russia,lamb,vinegar,lemon_juice,meat,onion,dill,red_wine,black pepper,bay,beet,tomato,vegetable oil,beef_broth,cabbage,cream,,,,,,,,,,,,,,
Russia,tomato,vinegar,pork,wheat,celery_oil,onion,corn,pepper,bay,garlic,bell pepper,sherry,tamarind,cane_molasses,cream,,,,,,,,,,,,,,
Russia,celery ribs,herbs,onion,dill,vegetable stock,carrot,cabbage,turnip,black pepper,butter,sour cream,bread,bay leaf,juice,eating apple,,,,,,,,,,,,,,
Russia,cane_molasses,honey,rice,wheat,citrus,almond,ginger,cocoa,fruit,cinnamon,hazelnut,orange,lemon,butter,egg,,,,,,,,,,,,,,
Russia,olive oil,flour,soy  sauce,onion,water,vinegar,ground pork,sour cream,melted butter,pepper,buttermilk,garlic,ketchup,egg,ground turkey,,,,,,,,,,,,,,
Russia,vodka,chuck roast,greek style plain yogurt,onion,dill,beet,yukon potato,carrot,horseradish,cabbage,garlic,canola oil,lower sodium beef broth,vinegar,ground white pepper,,,,,,,,,,,,,,
Russia,mace,cinnamon,cardamom,almond,peaches,ginger,confectioner,honey,flour,jam,blackberry,egg,baking soda,butter,lemon juice,,,,,,,,,,,,,,
Russia,butter,wheat,onion,beef,egg noodles,red_wine,cayenne,parsley,bay,garlic,bell pepper,savory,vegetable oil,beef_broth,lemon_peel,,,,,,,,,,,,,,
Russia,butter,olive_oil,pepper,wheat,thyme,mushroom,egg,chicken_broth,onion,parsley,milk_fat,nutmeg,chive,rosemary,milk,,,,,,,,,,,,,,
Russia,ketchup,fine ,garlic,chuck,seed,paprika,pepper,marjoram,olive oil,flour,water,tomato,soy  sauce,soy  sauce,onion,,,,,,,,,,,,,,
Russia,sorrel,butter,scallion,onion,celery ribs,dill,sour cream,parsnip,egg,carrot,potato,chicken stock,black pepper,dill,parsley,,,,,,,,,,,,,,
Russia,vinegar,marjoram,beef,onion,dill,bacon,red_wine,black pepper,parsley,seed,beet,cabbage,carrot,leek,pork sausage,,,,,,,,,,,,,,
Russia,water,potato,ground pork,onion,vinegar,bacon,blueberries,melted butter,cherry,milk,flour,pierogi,egg,turkey,sour cream,,,,,,,,,,,,,,
Russia,vinegar,green_bell_pepper,onion,dill,chicken_broth,potato,black pepper,celery,carrot,beet,bell pepper,kidney_bean,garlic,chicken,soy  sauce,,,,,,,,,,,,,,
Russia,red potato,honey,scallion,crawfish,dijon mustard,garlic,hass avocado,salmon,black pepper,lemon,lemon juice,avocado,fresh cilantro,shallot,vinegar,,,,,,,,,,,,,,
Russia,tomato,marjoram,wheat,chicken_liver,beef,black pepper,onion,parsley,celery,mace,carrot,garlic,egg,bread,,,,,,,,,,,,,,,
Russia,water,vegetable oil,sour cream,seed,butter,onion,water,egg yolk,potato,baking powder,dill,egg,flour,cabbage,,,,,,,,,,,,,,,
Russia,water,bay leaf,lemon juice,cabbage,cooking oil,beet,onion,ketchup,potato,pepper,broth,kidney beans,dill,carrot,,,,,,,,,,,,,,,
Russia,black pepper,butter,carrot,water,cabbage,tomato,beet,potato,tomato,dried dillweed,chopped bell pepper,heavy cream,chopped onion,celery,,,,,,,,,,,,,,,
Russia,butter,pork,marjoram,wheat,mustard,onion,apricot,corn,white_wine,carrot,garlic,roasted_beef,plum,chicken_broth,,,,,,,,,,,,,,,
Russia,fresh rosemary,parmesan_cheese,red russian kale,onion,garlic,Vegeta Seasoning,chickpea,tomato,black pepper,sausage,chicken stock,olive oil,tomato,chopped fresh sage,,,,,,,,,,,,,,,
Russia,cane_molasses,vinegar,beef,mushroom,starch,egg noodles,bacon,onion,celery,butter,vegetable oil,tamarind,beef_broth,cream,,,,,,,,,,,,,,,
Russia,tomato,vinegar,cane_molasses,celery_oil,onion,corn,cayenne,parsley,mustard,garlic,vegetable oil,tamarind,egg,cream,,,,,,,,,,,,,,,
Russia,butter,coffee,wheat,mustard,onion,rum,vanilla,parsley,cocoa,cucumber,chive,vegetable oil,egg,cream,,,,,,,,,,,,,,,
Russia,butter,wheat,mustard,onion,apricot,vanilla,parsley,cocoa,gelatin,cucumber,chive,vegetable oil,egg,cream,,,,,,,,,,,,,,,
Russia,cane_molasses,vinegar,onion,mushroom,egg noodles,tabasco_pepper,parmesan_cheese,cottage cheese,seed,garlic,bell pepper,chicken,tamarind,cream,,,,,,,,,,,,,,,
Russia,beef shoulder,beef consomme,pickled beet,onion,dill,veal,heavy cream,mushroom,pullman loaf,mint leaves,egg,black pepper,wonton wrappers,dill,,,,,,,,,,,,,,,
Russia,veal tongue,hot red pepper flakes,beef_broth,clove,horseradish,garlic,sour cream,sweet gherkin,lettuce leaves,California bay leaves,water,unflavored gelatin,vegetable oil,fresh lemon juice,,,,,,,,,,,,,,,
Russia,bell pepper,kidney beans,sour cream,parsley,water,ground beef,tomato,olive oil,beer,onion,pepper,chili powder,celery,ground cumin,,,,,,,,,,,,,,,
Russia,vinegar,garlic,soy  sauce,carrot,lean ground beef,paprika,parsley,cabbage,low sodium chicken broth,bay leaf,tomato,vegetable oil,yellow onion,long grain white rice,,,,,,,,,,,,,,,
Russia,butter,dill,chicken_liver,onion,olive_oil,bacon,chicken_broth,black pepper,rye_bread,celery,milk_fat,garlic,egg,milk,,,,,,,,,,,,,,,
Russia,butter,cane_molasses,celery_oil,onion,vinegar,tabasco_pepper,corn,cider,smoked_sausage,garlic,tomato,tamarind,pork sausage,mustard,,,,,,,,,,,,,,,
Russia,wheat,ham,mushroom,plum,black pepper,onion,bay,bell pepper,smoke,vegetable oil,cream,chicken_broth,pork sausage,sauerkraut,,,,,,,,,,,,,,,
Russia,water,flour,egg,finely chopped onion,garlic,parsley,chopmeat,pepper,egg yolk,farm cheese,mashed potato,parsley,corn oil,scallion,,,,,,,,,,,,,,,
Russia,water,egg,buttermilk,parsley,black pepper,butter,garlic,chicken thighs,ketchup,cooking oil,onion,vinegar,flour,sour cream,,,,,,,,,,,,,,,
Russia,water,pork loin,carrot,dill weed,potato,beet,celery,cabbage,pepper,sour cream,onion,flour,garlic,tomato,,,,,,,,,,,,,,,
Russia,egg,honey,instant coffee,grated nutmeg,flour,anise,allspice,baking soda,butter,water,vinegar,milk,baking powder,vanillaextract,,,,,,,,,,,,,,,
Russia,tomato,olive_oil,onion,chicken_broth,black pepper,parsley,parmesan_cheese,bay,celery,carrot,garlic,bell pepper,lentil,white_wine,,,,,,,,,,,,,,,
Russia,chicken_broth,minced onion,flour,water,white wine,heavy cream,pepper,cabbage,butter,cooked white rice,pork,lemon,chopped onion,wild mushroom,,,,,,,,,,,,,,,
Russia,low-fat plain yogurt,cooked beetroot,dressing,caster,potato,sour cream,bean,shallot,gherkins,tomato,fennel,creamed horseradish,arugula,,,,,,,,,,,,,,,,
Russia,pepper,butter,carrot,tomato,potato,onion,turnip,cabbage,non-fat sour cream,parsley,vinegar,vegetable stock,beet,,,,,,,,,,,,,,,,
Russia,pepper,onion,beef,roasted_pork,scallion,celery,carrot,veal,chive,garlic,white_bread,egg,bread,,,,,,,,,,,,,,,,
Russia,tomato,butter,beef,onion,potato,black pepper,parmesan_cheese,milk_fat,garlic,vegetable oil,egg,milk,bread,,,,,,,,,,,,,,,,
Russia,pepper,garlic,carrot,celery ribs,potato,dill,onion,water,sour cream,dill,lemon,beet,cabbage,,,,,,,,,,,,,,,,
Russia,chicken_broth,red pepper flakes,dill,pork sausage,pepper,white rice,ground beef,garlic,onion,tomato,tomato,venison,cabbage,,,,,,,,,,,,,,,,
Russia,olive oil,onion,pepper,bay leaf,garlic,cabbage,tomato,potato,beet,parsley,water,lemon,carrot,,,,,,,,,,,,,,,,
Russia,tomato,vinegar,cane_molasses,wheat,onion,beef,corn,mustard,garlic,bell pepper,tamarind,roasted_beef,celery_oil,,,,,,,,,,,,,,,,
Russia,olive_oil,green_bell_pepper,beef,onion,potato,red_wine,black pepper,celery,carrot,bell pepper,cream,milk,cinnamon,,,,,,,,,,,,,,,,
Russia,tomato,dill,caraway,onion,cheese,egg noodles,chicken_broth,potato,bay,seed,vegetable oil,cheddar cheese,cream,,,,,,,,,,,,,,,,
Russia,butter,dill,lemon_juice,wheat,onion,mushroom,soy  sauce,black pepper,parsley,bell pepper,milk,chicken_broth,cream,,,,,,,,,,,,,,,,
Russia,tomato,pepper,green_bell_pepper,onion,beef,black pepper,parsley,marjoram,oregano,vegetable oil,rice,egg,cream,,,,,,,,,,,,,,,,
Russia,dill,active dry yeast,flour,caviar,egg,milk,clarified butter,butter,lemon juice,smoked salmon,water,lemon zest,cream cheese,,,,,,,,,,,,,,,,
Russia,cane_molasses,vinegar,celery_oil,onion,corn,cayenne,parsley,horseradish,garlic,tomato,vegetable oil,tamarind,egg,,,,,,,,,,,,,,,,
Russia,egg,golden raisins,milk,milk,white rice,margarine,ground cinnamon,cake,vanillaextract,water,water,butter,flour,,,,,,,,,,,,,,,,
Russia,seed,molasses,butter,cocoa powder,brown ,ground espresso,seed,wheat bran,rye_flour,yeast,water,vinegar,flour,,,,,,,,,,,,,,,,
Russia,almond,dried apricot,candy sprinkles,flour,sponge,instant yeast,rum,vanillaextract,butter,cooking spray,buttermilk,egg,golden raisins,,,,,,,,,,,,,,,,
Russia,cream cheese,egg yolk,vanillaextract,farm cheese,honey,egg,flour,orange juice,rhubarb,vegetable oil,milk,strawberry,ground cardamom,,,,,,,,,,,,,,,,
Russia,olive oil,butter,onion,mushroom,beef steak,brandy,beef stock,bay leaf,mustard,sour cream,parsley,pepper,mashed potato,,,,,,,,,,,,,,,,
Russia,butter,cane_molasses,wheat,apple,vanilla,ginger,walnut,honey,nutmeg,cinnamon,cream cheese,egg,milk,,,,,,,,,,,,,,,,
Russia,butter,cane_molasses,lemon,yeast,vanilla,almond,raisin,currant,cinnamon,orange,wheat,egg,milk,,,,,,,,,,,,,,,,
Russia,fish fillets,water,parsley,reduced sodium vegetable broth,potato,shrimp,celery stick,olive oil,carrot,onion,pepper,bay leaf,Mrs. Dash,,,,,,,,,,,,,,,,
Russia,salmon fillets,lemon,onion,tomato,sturgeon fillets,sour cream,capers,butter,bay leaf,tomato,garlic,fish stock,olive,,,,,,,,,,,,,,,,
Russia,black pepper,sour cream,tomato,lamb stew meat,beet,cabbage,dill,vinegar,lemon juice,canola oil,bay leaf,beef_broth,onion,,,,,,,,,,,,,,,,
Russia,celery ribs,gelatin,carrot,peppercorns,pig,dark turkey meat,pork,veal,bay leaf,broth,black pepper,garlic,onion,,,,,,,,,,,,,,,,
Russia,tomato,black pepper,ground coriander,ground cumin,boneless skinless chicken breasts,green pepper,rapeseed oil,plain yogurt,garlic,tomato,chili powder,gingerroot,onion,,,,,,,,,,,,,,,,
Russia,dill,egg,mushroom,puff pastry,black pepper,butter,lemon juice,salmon,parsley,egg,basmati rice,lemon zest,onion,,,,,,,,,,,,,,,,
Russia,tomato,dill,pepper,meat,beef,chicken_broth,sage,onion,garlic,bell pepper,cabbage,rice,pork sausage,,,,,,,,,,,,,,,,
Russia,celery ribs,fennel bulb,pea,marjoram,spelt,shallot,carrot,olive oil,lemon,thyme,fennel fronds,dandelion greens,red russian kale,,,,,,,,,,,,,,,,
Russia,butter,vinegar,cane_molasses,caraway,wheat,yeast,corn,cider,coffee,cocoa,fennel,seed,rye_flour,,,,,,,,,,,,,,,,
Russia,butter,parsley,white wine,flour,soy  sauce,yellow onion,beef bouillon,sirloin steak,egg noodles,black pepper,mushroom,bacon,sour cream,,,,,,,,,,,,,,,,
Russia,egg noodles,bacon,mushroom,water,butter,beef_broth,celery,soy  sauce,starch,onion,vegetable oil,beef stew meat,sour cream,,,,,,,,,,,,,,,,
Russia,boysenberries,fresh lemon juice,vegetable oil,flour,starch,lemon peel,hoop cheese,blueberries,grated lemon peel,water,egg,strawberry,sour cream,,,,,,,,,,,,,,,,
Russia,ground cloves,baking soda,cinnamon,nonfat vanillayogurt,pitted date,dried apricot,whole wheat pastryflour,ground nutmeg,raisin,egg,honey,baking powder,walnut,,,,,,,,,,,,,,,,
Russia,dried tarragon leaves,mushroom,cabbage,butter,cream cheese,marjoram,pepper,flour,onion,egg,basil dried leaves,dried dillweed,water,,,,,,,,,,,,,,,,
Russia,water,lean ground beef,parsley,egg,black pepper,cabbage,tomato,finely chopped onion,cooked white rice,vinegar,garlic,ground pork,water,,,,,,,,,,,,,,,,
Russia,tomato,olive_oil,beef,wheat,thyme,mushroom,egg noodles,cayenne,onion,parsley,garlic,beef_broth,,,,,,,,,,,,,,,,,
Russia,egg,vegetable oil,dry bread crumbs,garlic,lemon,parsley,water,butter,dried dillweed,black pepper,flour,boneless skinless chicken breasts,,,,,,,,,,,,,,,,,
Russia,vinegar,meat,onion,potato,black pepper,cider,beet,chive,vegetable oil,cabbage,egg,bread,,,,,,,,,,,,,,,,,
Russia,black pepper,water,tomato,tomato,carrot,water,garlic,onion,vinegar,beef bouillon,lean beef,cabbage,,,,,,,,,,,,,,,,,
Russia,chicken stock,milk,yeast,confit,softened butter,egg,flour,walnut,cumin,orange,plum,chopped cilantro,,,,,,,,,,,,,,,,,
Russia,unflavored gelatin,heavy cream,apricot jam,water,butter,flour,bittersweet chocolate,cream of tartar,egg,unsweetened cocoa powder,vanilla,confectioner,,,,,,,,,,,,,,,,,
Russia,butter,lemon_juice,wheat,cherry,vanilla,almond,milk,cherry_brandy,milk_fat,brandy,egg,corn,,,,,,,,,,,,,,,,,
Russia,butter,tomato,green_bell_pepper,wheat,onion,mushroom,dill,beef,white_wine,bell pepper,beef_broth,cream,,,,,,,,,,,,,,,,,
Russia,tomato,lemon_juice,onion,beef,caraway,garlic,bell pepper,vegetable oil,green_bell_pepper,seed,beef_broth,cream,,,,,,,,,,,,,,,,,
Russia,tomato,butter,green_bell_pepper,onion,potato,black pepper,celery,carrot,beet,cabbage,dill,cream,,,,,,,,,,,,,,,,,
Russia,butter,gruyere_cheese,wheat,onion,cheese,bacon,black pepper,nutmeg,lard,vegetable,egg,cream,,,,,,,,,,,,,,,,,
Russia,butter,dill,milk,wheat,mushroom,potato,chicken_broth,black pepper,bay,carrot,leek,cream,,,,,,,,,,,,,,,,,
Russia,butter,dill,clam,wheat,shiitake,salmon,white_wine,lard,rice,egg,leek,cream,,,,,,,,,,,,,,,,,
Russia,tomato,pepper,onion,potato,parsley,carrot,garlic,vegetable oil,cabbage,beet,pork sausage,cream,,,,,,,,,,,,,,,,,
Russia,smoked salmon,milk,sour cream,butter,flour,egg,active dry yeast,flour,caviar,water,vegetable oil,dill tips,,,,,,,,,,,,,,,,,
Russia,parsley,butter,dried dillweed,black pepper,boneless skinless chicken breasts,flour,water,egg,lemon,garlic,vegetable oil,dry bread crumbs,,,,,,,,,,,,,,,,,
Russia,butter,cheese,pepper,wheat,onion,shallot,black pepper,nutmeg,chive,garlic,beef_broth,egg,,,,,,,,,,,,,,,,,
Russia,olive_oil,marjoram,wheat,onion,thyme,sage,black pepper,celery,basil,chicken,rosemary,egg,,,,,,,,,,,,,,,,,
Russia,tomato,olive_oil,green_bell_pepper,wheat,onion,potato,black pepper,parsley,carrot,bell pepper,vegetable,egg,,,,,,,,,,,,,,,,,
Russia,beetroot,garlic,onion,oil,broccoli,coconut milk,hot chilli,lemon juice,avocado,pepper,garnish,,,,,,,,,,,,,,,,,,
Russia,bread,parmesan cheese,vegetable broth,onion,wild asparagus,leek,garlic,egg,black pepper,milk,vegetable oil,ground meat,,,,,,,,,,,,,,,,,
Russia,butter,vinegar,anise,wheat,onion,beef,nut,red_wine,black pepper,ginger,bay,lard,,,,,,,,,,,,,,,,,
Russia,mustard,olive oil,pea,bell pepper,corn,carrot,mayonaise,pepper,fat,garlic,potato,lemon juice,,,,,,,,,,,,,,,,,
Russia,dark corn syrup,coffee granules,flour,seed,vinegar,flour,unsweetened cocoa powder,seed,water,brown ,active dry yeast,margarine,,,,,,,,,,,,,,,,,
Russia,lamb,olive_oil,onion,mushroom,potato,starch,parsley,pea,garlic,butter,milk,meat,,,,,,,,,,,,,,,,,
Russia,capers,vegan butter,vegan mayonnaise,mayonaise,baking powder,flour,fresh chives,flour,brine,beluga lentil,water,milk,,,,,,,,,,,,,,,,,
Russia,water,chocolate glaze,butter,lemon juice,dark chocolate,egg whites,flour,egg,butter,vanillaextract,agar,milk,,,,,,,,,,,,,,,,,
Russia,potato,carrot,olive oil,green onion,dill,chicken_broth,half & half,flour,bay leaf,black pepper,butter,mushroom,,,,,,,,,,,,,,,,,
Russia,potato,carrot,chicken_broth,leek,dried dillweed,dill weed,half & half,flour,bay leaf,black pepper,butter,mushroom,,,,,,,,,,,,,,,,,
Russia,butter,dill,pepper,marjoram,wheat,tarragon,onion,cream cheese,basil,cabbage,egg,mushroom,,,,,,,,,,,,,,,,,
Russia,butter,dill,pork,wheat,onion,beef,potato,bacon,pepper,chicken,egg,mushroom,,,,,,,,,,,,,,,,,
Russia,butter,egg,sour cream,apple cider vinegar,vanillaextract,baking powder,poppy seed,cocoa powder,walnut,caramel,cream,oil,,,,,,,,,,,,,,,,,
Russia,butter,garlic,celery root,potato,beef_broth,sour cream,pepper,carrot,beef roast,parsley,dill,onion,,,,,,,,,,,,,,,,,
Russia,sauerkraut,parsley,sour cream,black pepper,potato,dill,pork,bay leaf,carrot,beef,garlic,onion,,,,,,,,,,,,,,,,,
Russia,olive oil,lean ground beef,bell pepper,black pepper,ground allspice,parsley,hungarian paprika,cooked white rice,tomato,egg,garlic,onion,,,,,,,,,,,,,,,,,
Russia,black pepper,milk,garlic,tomato,parmigiano reggiano cheese,potato,ground chuck,egg,dry bread crumbs,butter,vegetable oil,onion,,,,,,,,,,,,,,,,,
Russia,baking soda,raisin,unsweetened appleauce,honey,baking powder,walnut,ground cloves,ground nutmeg,oat bran,flour,vegetable oil,orange juice,,,,,,,,,,,,,,,,,
Russia,mushroom,beef_broth,onion,olive oil,tomato,garlic,dried thyme,top sirloin steak,pepper,egg noodles,flour,parsley,,,,,,,,,,,,,,,,,
Russia,olive_oil,pepper,onion,potato,chicken_broth,cumin,white_wine,carrot,garlic,bell pepper,chicken,pea,,,,,,,,,,,,,,,,,
Russia,juniper_berry,caraway,sauerkraut,onion,chicken_broth,bacon,white_wine,smoked_sausage,smoke,carrot,seed,pork sausage,,,,,,,,,,,,,,,,,
Russia,dill,sweet onion,frozen peas,garlic,parsley,carrot,pepper,vinegar,cucumber,mayonaise,egg,potato,,,,,,,,,,,,,,,,,
Russia,milk,rum,water,flour,lemon,almond,dry yeast,butter,candied fruit,vanillabeans,egg yolk,raisin,,,,,,,,,,,,,,,,,
Russia,egg,dried apricot,ginger,nutmeg,cinnamon,dried cranberries,kasha,granny smith apple,golden raisins,melted butter,milk,raisin,,,,,,,,,,,,,,,,,
Russia,butter,juniper_berry,apple,onion,shallot,black pepper,chicken_broth,bacon,thyme,white_wine,cream,sauerkraut,,,,,,,,,,,,,,,,,
Russia,chicken ,pepper,beef,jalapeno pepper,potato,garlic,mushroom,beet,beet,onion,leaf,sour cream,,,,,,,,,,,,,,,,,
Russia,vegetables,smoked sausage,onion,tomato,green onion,ham,olive,bay leaf,pork butt,capers,lemon,sour cream,,,,,,,,,,,,,,,,,
Russia,pepper,bay leaf,radishes,meat,cucumber,kefir,green onion,dill,egg,potato,parsley,sour cream,,,,,,,,,,,,,,,,,
Russia,milk,golden raisins,farm cheese,butter,lemon,confectioner,bread crumb fresh,egg,soy  sauce,filo,vanillaextract,sour cream,,,,,,,,,,,,,,,,,
Russia,pepper,crumbs,egg,minced onion,paprika,sour cream,tomato,ground sirloin,green pepper,shortening,flour,tomato,,,,,,,,,,,,,,,,,
Russia,egg yolk,heavy whipping cream,egg,apricot preserves,ground cinnamon,ground cloves,blanched hazelnuts,greek yogurt,grated orange peel,butter,flour,unsweetened cocoa powder,,,,,,,,,,,,,,,,,
Russia,egg yolk,heavy cream,fresh lemon juice,poppy seed,active dry yeast,golden raisins,flour,milk,lemon zest,water,butter,vanilla,,,,,,,,,,,,,,,,,
Russia,pepper,sour cream,cabbage,water,onion,vinegar,garlic,bay leaf,chuck,tomato,lemon juice,water,,,,,,,,,,,,,,,,,
Russia,chopped celery,pepper,sour cream,homemade vegetable stock,dill,lemon juice,mushroom,flour,garlic,parsley,beet,water,,,,,,,,,,,,,,,,,
Russia,cheese,egg,caster,flour,soda,vinegar,oil,sour cream,butter,apples,cream,,,,,,,,,,,,,,,,,,
Russia,pork,wheat,sauerkraut,beef,black pepper,scallion,smoked_sausage,smoke,vegetable oil,egg,apple,,,,,,,,,,,,,,,,,,
Russia,egg,vanillaextract,starch,egg yolk,milk,hazelnut,dried apricot,flour,butter,baking powder,apricot preserves,,,,,,,,,,,,,,,,,,
Russia,sorrel,pepper,yellow onion,cream,fresh thyme,celery,starchy potato,butter,carrot,vegetable broth,basmati rice,,,,,,,,,,,,,,,,,,
Russia,olive oil,beef tenderloin,sour cream,mushroom,dijon mustard,flour,dill,butter,black pepper,shallot,beef_broth,,,,,,,,,,,,,,,,,,
Russia,tomato,confit duck leg,onion,dill,pickled beet,mixed greens,clove,reduced sodium beef broth,seed,black pepper,beet,,,,,,,,,,,,,,,,,,
Russia,turnip,potato,beef_broth,pepper,tomato,sour cream,cabbage,onion,vinegar,sliced carrot,beet,,,,,,,,,,,,,,,,,,
Russia,butter,dill,lemon,black pepper,parsley,wheat,garlic,vegetable oil,chicken,egg,bread,,,,,,,,,,,,,,,,,,
Russia,butter,dill,lemon,black pepper,parsley,wheat,garlic,vegetable oil,chicken,egg,bread,,,,,,,,,,,,,,,,,,
Russia,lamb,tomato,green_bell_pepper,onion,cayenne,parsley,cumin,garlic,basil,mint,bread,,,,,,,,,,,,,,,,,,
Russia,butter,caraway,mustard,onion,radish,cottage cheese,seed,rye_flour,bell pepper,scallion,bread,,,,,,,,,,,,,,,,,,
Russia,shallot,paprika,cognac,wide egg noodles,canned beef broth,beef tenderloin,dill,vegetable oil,mushroom,dijon mustard,butter,,,,,,,,,,,,,,,,,,
Russia,shredded cheddar cheese,potato,onion,chicken bouillon,sauerkraut,pepper,milk,flour,cabbage,water,butter,,,,,,,,,,,,,,,,,,
Russia,vinegar,beef,onion,dill,red_wine,carrot,beet,potato,yogurt,beef_broth,cabbage,,,,,,,,,,,,,,,,,,
Russia,olive_oil,pepper,mustard,vinegar,feta cheese,red_wine,lettuce,garlic,bell pepper,vegetable oil,cabbage,,,,,,,,,,,,,,,,,,
Russia,dill,egg,white onion,cornichons,parsley,pepper,Hellmann's Real Mayonnaise,frozen peas,shrimp,potato,carrot,,,,,,,,,,,,,,,,,,
Russia,garlic,rabbit,brine,cheddar cheese,green onion,egg,potato,green peas,mayonaise,soy  sauce,carrot,,,,,,,,,,,,,,,,,,
Russia,flour,parsley,pepper,cabbage,carrot,tomato,bay leaf,pork stock,sauerkraut,butter,celery,,,,,,,,,,,,,,,,,,
Russia,tomato,vinegar,pepper,green_bell_pepper,wheat,mustard,onion,yeast,bell pepper,chicken,cheese,,,,,,,,,,,,,,,,,,
Russia,butter,golden raisins,cream cheese,water,dried apricot,honey,orange marmalade,flour,egg,cinnamon,confectioner,,,,,,,,,,,,,,,,,,
Russia,vinegar,vegetable oil,egg,pickled beet,onion,cabbage,potato,dry bread crumbs,black pepper,chopped fresh chives,confit duck leg,,,,,,,,,,,,,,,,,,
Russia,tomato,butter,onion,egg noodles,black pepper,parsley,garlic,bell pepper,vegetable oil,chicken,cream,,,,,,,,,,,,,,,,,,
Russia,butter,dill,pork,wheat,onion,chicken_broth,black pepper,cabbage,bread,egg,cream,,,,,,,,,,,,,,,,,,
Russia,butter,dill,caraway,wheat,onion,potato,seed,vegetable oil,cabbage,egg,cream,,,,,,,,,,,,,,,,,,
Russia,butter,wheat,cherry,vanilla,almond,cherry_brandy,brandy,violet,vegetable oil,egg,cream,,,,,,,,,,,,,,,,,,
Russia,butter,pepper,onion,potato,bacon,garlic,chive,macaroni,cheddar cheese,milk,cream,,,,,,,,,,,,,,,,,,
Russia,butter,lemon_juice,lemon,yeast,vanilla,raisin,seed,wheat,egg,milk,cream,,,,,,,,,,,,,,,,,,
Russia,butter,onion,potato,haddock,black pepper,parsley,celery,milk_fat,smoke,milk,cream,,,,,,,,,,,,,,,,,,
Russia,butter,cheese,wheat,onion,mushroom,potato,egg noodles,parsley,garlic,porcini,cream,,,,,,,,,,,,,,,,,,
Russia,dill,pepper,sauerkraut,onion,potato,bean,vegetable,vegetable oil,chicken,whole grain wheat_flour,cream,,,,,,,,,,,,,,,,,,
Russia,lemon extract,heavy cream,almond,cottage cheese,golden raisins,candied fruit,egg yolk,vanillaextract,vanillabeans,lemon,cream cheese,,,,,,,,,,,,,,,,,,
Russia,milk,potato,ham,dijon mustard,green onion,plain yogurt,radishes,dill,black pepper,egg yolk,cucumber,,,,,,,,,,,,,,,,,,
Russia,honey,butter,flour,pure vanilla extract,egg,sour cream,baking soda,lemon,toasted walnut,superfine ,dark rum,,,,,,,,,,,,,,,,,,
Russia,cane_molasses,cheese,wheat,apple,cherry,vanilla,walnut,butter,cream cheese,vegetable oil,egg,,,,,,,,,,,,,,,,,,
Russia,water,flour,egg,milk,vegetable oil,flour,active dry yeast,smoked salmon,fresh chives,butter,flour,,,,,,,,,,,,,,,,,,
Russia,olive oil,paprika,Mrs. Dash,pepper,garlic,soy  sauce,butter,whipped cream,water,sirloin steak,flour,,,,,,,,,,,,,,,,,,
Russia,capsicum,lemon juice,ground cumin,chat masala,onion,low-fat plain yogurt,chili powder,filet,olive oil,gingerroot,garlic,,,,,,,,,,,,,,,,,,
Russia,capers,egg yolk,potato,broad beans,vinegar,carrot,celery stick,butter,lemon juice,bean,gherkins,,,,,,,,,,,,,,,,,,
Russia,flour,brandy,egg,vanillaextract,almond,water,active dry yeast,raisin,grated lemon zest,dried orange peel,golden raisins,,,,,,,,,,,,,,,,,,
Russia,egg,milk,vanillaextract,pure vanilla extract,sprite,semi-sweet chocolate morsels,flour,sour cream,unflavored gelatin,cool whip,heavy whipping cream,,,,,,,,,,,,,,,,,,
Russia,egg,water,fresh shiitake mushroom,dill,frozen pastry puff sheets,butter,bottled clam juice,white wine,long grain white rice,salmon fillets,leek,,,,,,,,,,,,,,,,,,
Russia,water,lemon zest,farm cheese,egg,oil,starch,baking powder,sour cherries,pure vanilla extract,flour,lemon juice,,,,,,,,,,,,,,,,,,
Russia,cane_molasses,butter,lemon_juice,wheat,egg,raisin,currant,orange_peel,lard,nutmeg,lemon_peel,,,,,,,,,,,,,,,,,,
Russia,butter,dill,green_bell_pepper,wheat,onion,potato,bacon,white_wine,bell pepper,roasted_beef,liver,,,,,,,,,,,,,,,,,,
Russia,shallot,sour cream,hungarian hot paprika,bacon fat,onion,hungarian sweet paprika,tomato,lard,olive oil,veal scallops,marjoram,,,,,,,,,,,,,,,,,,
Russia,butter,wheat,yeast,almond,raisin,ginger,mace,fruit,orange,egg,milk,,,,,,,,,,,,,,,,,,
Russia,butter,sauerkraut,mushroom,egg noodles,onion,smoked_sausage,wheat_bread,swiss_cheese,milk,pork sausage,mustard,,,,,,,,,,,,,,,,,,
Russia,flour,yeast,soy  sauce,sour cream,cabbage,veal,pork,garlic,onion,chive,oil,,,,,,,,,,,,,,,,,,
Russia,tomato,olive_oil,lemon_juice,apple,onion,black pepper,parsley,zucchini,garlic,rice,okra,,,,,,,,,,,,,,,,,,
Russia,tomato,beet,low-fat sour cream,potato,parsley,cabbage,lemon wedge,fresh lemon juice,olive oil,vegetable broth,onion,,,,,,,,,,,,,,,,,,
Russia,whole grain mustard,bay leaf,brandy,mushroom,oil,beef steak,beef stock,onion,pepper,butter,parsley,,,,,,,,,,,,,,,,,,
Russia,potato,beet,carrot,vegetable oil,onion,egg,black pepper,walnut,chicken,mayonnaise,pomegranate,,,,,,,,,,,,,,,,,,
Russia,butter,vinegar,cane_molasses,apple,onion,cider,black pepper,seed,cabbage,beef_broth,raisin,,,,,,,,,,,,,,,,,,
Russia,tomato,pork,beef,onion,black pepper,bacon,parsley,garlic,cabbage,brown_rice,sauerkraut,,,,,,,,,,,,,,,,,,
Russia,butter,caraway,wheat,meat,onion,yeast,bacon,black pepper,thyme,honey,seed,,,,,,,,,,,,,,,,,,
Russia,butter,wheat,onion,fish,caviar,buckwheat,chive,cream,egg,milk,smoked_salmon,,,,,,,,,,,,,,,,,,
Russia,bread crumb fresh,green onion,sardines,olive oil,flour,grated lemon peel,halibut fillets,garlic,parsley,egg,soy  sauce,,,,,,,,,,,,,,,,,,
Russia,water,baking powder,milk,white chocolate chips,vanilla,egg,cool whip,seed,chocolate truffle,flour,walnut,,,,,,,,,,,,,,,,,,
Russia,ground cloves,butter,ground allspice,ground cinnamon,egg yolk,lemon zest, egg whites,semi-sweet chocolate,almond,almond,,,,,,,,,,,,,,,,,,,
Russia,beef shank,canned beef broth,cabbage,potato,carrot,dill,vinegar,onion,nonfat yogurt,beet,,,,,,,,,,,,,,,,,,,
Russia,butter,tomato,caraway,lemon,onion,beef,egg noodles,seed,garlic,bell pepper,,,,,,,,,,,,,,,,,,,
Russia,chopped fresh chives,dry bread crumbs,pepper,butter,parsley,egg,vegetable oil,lemon juice,water,boneless skinless chicken breasts,,,,,,,,,,,,,,,,,,,
Russia,butter,cheese,wheat,potato,egg noodles,walnut,brandy,cinnamon,apricot,bread,,,,,,,,,,,,,,,,,,,
Russia,seed,parsley,olive oil,vinegar,onion,smoked streaky bacon,cabbage,apple,black pepper,butter,,,,,,,,,,,,,,,,,,,
Russia,extra sharp white cheddar cheese,vegetable oil,onion,water,egg,flour,ground nutmeg,potato,black pepper,butter,,,,,,,,,,,,,,,,,,,
Russia,dill,potato,starch,water,mushroom,bread crumbs,flour,egg,milk,butter,,,,,,,,,,,,,,,,,,,
Russia,milk,dry yeast,poppy seed,milk,raisin,lemon,egg,honey,walnut,butter,,,,,,,,,,,,,,,,,,,
Russia,butter,pepper,wheat,sauerkraut,onion,potato,chicken,cheddar cheese,milk,cabbage,,,,,,,,,,,,,,,,,,,
Russia,butter,cheese,onion,potato,egg noodles,black pepper,garlic,tomato,vegetable oil,cabbage,,,,,,,,,,,,,,,,,,,
Russia,egg,mayonaise,potato,ham,dill,pepper,sweet peas,garlic,green onion,carrot,,,,,,,,,,,,,,,,,,,
Russia,black pepper,mayonaise,egg,lemon juice,roast breast of chicken,potato,sweet peas,garlic,spicy brown mustard,carrot,,,,,,,,,,,,,,,,,,,
Russia,butter,tomato,marjoram,onion,black pepper,garlic,cabbage,rice,egg,chicken,,,,,,,,,,,,,,,,,,,
Russia,black pepper,parsley,vegetable oil,sour cream,water,garlic,onion,tomato,paprika,chicken pieces,,,,,,,,,,,,,,,,,,,
Russia,chopped nuts,cocoa,butter,egg,baking powder,vanillaextract,flour,rum,apple,cinnamon,,,,,,,,,,,,,,,,,,,
Russia,tomato,pork,onion,egg noodles,bacon,black pepper,garlic,bell pepper,beef_broth,cream,,,,,,,,,,,,,,,,,,,
Russia,dill,onion,vinegar,potato,celery,carrot,beet,vegetable oil,beef_broth,cream,,,,,,,,,,,,,,,,,,,
Russia,pepper,lemon_juice,wheat,apple,plum,raisin,parsley,meat,celery,cream,,,,,,,,,,,,,,,,,,,
Russia,olive_oil,onion,dill,egg noodles,potato,bacon,garlic,cabbage,cheese,cream,,,,,,,,,,,,,,,,,,,
Russia,butter,lemon,mushroom,black pepper,veal,chive,vegetable oil,bread,egg,cream,,,,,,,,,,,,,,,,,,,
Russia,butter,wheat,onion,potato,black pepper,nutmeg,vegetable oil,cheddar cheese,egg,cream,,,,,,,,,,,,,,,,,,,
Russia,butter,cheese,pepper,wheat,onion,potato,vegetable oil,cheddar cheese,egg,cream,,,,,,,,,,,,,,,,,,,
Russia,butter,lemon_juice,wheat,starch,vanilla,orange_juice,seed,lemon,egg,cream,,,,,,,,,,,,,,,,,,,
Russia,lemon_juice,wheat,apple,potato,black pepper,parsnip,chive,vegetable oil,egg,cream,,,,,,,,,,,,,,,,,,,
Russia,butter,lemon_juice,wheat,yeast,apricot,walnut,cinnamon,egg,milk,cream,,,,,,,,,,,,,,,,,,,
Russia,butter,wheat,yeast,raisin,walnut,milk_fat,lemon,egg,milk,cream,,,,,,,,,,,,,,,,,,,
Russia,butter,tomato,cilantro,wheat,onion,cayenne,corn,lime juice,smoked_sausage,cream,,,,,,,,,,,,,,,,,,,
Russia,cane_molasses,butter,wheat,corn,ginger,cocoa,cinnamon,egg,vanilla,cream,,,,,,,,,,,,,,,,,,,
Russia,chicken_broth,potato,pork loin,olive oil,onion,water,bay leaf,sour cream,egg,dill,,,,,,,,,,,,,,,,,,,
Russia,water,beet,cabbage,tomato,potato,carrot,red lentils,vinegar,oil,dill,onion,,,,,,,,,,,,,,,,,,
Russia,white bread,black pepper,garlic,ground chuck,dry bread crumbs,canola oil,mayonaise,butter,onion,dill,,,,,,,,,,,,,,,,,,,
Russia,black pepper,pepper,pork loin,thyme,black pepper,bay leaf,oil,milk,garlic,dried rosemary,,,,,,,,,,,,,,,,,,,
Russia,milk,butter,flour,egg,walnut,caster,baking powder,apricots,honey,dry bread crumbs,,,,,,,,,,,,,,,,,,,
Russia,cottage cheese,minced onion,cornichons,butter,paprika,cocktail pumpernickel bread,green onion,seed,radishes,dry mustard,,,,,,,,,,,,,,,,,,,
Russia,golden brown ,vegetable oil,toasted walnut,dried tart cherries,flour,apple sauce,butter,vanillaextract,farm cheese,egg,cream cheese,,,,,,,,,,,,,,,,,,
Russia,mayonaise,fresh peas,shrimp,shrimp,yukon potato,dill,sweet onion,carrot,garlic,egg,,,,,,,,,,,,,,,,,,,
Russia,butter,orange_peel,wheat,apricot,vanilla,orange_juice,cranberry,cinnamon,hazelnut,egg,,,,,,,,,,,,,,,,,,,
Russia,dill,lean ground beef,flour,butter,water,onion,black pepper,butter,lard,egg,,,,,,,,,,,,,,,,,,,
Russia,tomato,olive_oil,beef,onion,black pepper,parsley,garlic,bell pepper,rice,egg,,,,,,,,,,,,,,,,,,,
Russia,butter,pepper,chicken_liver,onion,parsley,scallion,lettuce,bell pepper,vegetable oil,egg,,,,,,,,,,,,,,,,,,,
Russia,tomato,olive_oil,beef,potato,black pepper,cumin,savory,bell pepper,yogurt,egg,,,,,,,,,,,,,,,,,,,
Russia,ground cloves,flour,walnut,butter,baking powder,whole almond,superfine ,baking spray,pure vanilla extract,egg,,,,,,,,,,,,,,,,,,,
Russia,mayonaise,egg,beet,dill,black pepper,yellow onion,sour cream,granny smith apple,red wine,filet,,,,,,,,,,,,,,,,,,,
Russia,egg,ricotta cheese,sour cream,melted butter,green onion,milk,whipped cream,black pepper,baking powder,flour,,,,,,,,,,,,,,,,,,,
Russia,pancetta,vegetable oil,flour,egg yolk,onion,black pepper,buttermilk,garlic,bear,flour,,,,,,,,,,,,,,,,,,,
Russia,fresh orange,butter,golden raisins,confectioner,active dry yeast,milk,almond,water,egg,flour,,,,,,,,,,,,,,,,,,,
Russia,water,egg yolk,sour cream,egg whites,yeast,milk,butter,caviar,flour,flour,,,,,,,,,,,,,,,,,,,
Russia,ground cinnamon,vegetable oil,vanillaextract,egg,apple, curd cottage cheese,butter,water,hoop cheese,flour,,,,,,,,,,,,,,,,,,,
Russia,egg whites,meringue,dried fruit,egg yolk,sour cream,dough,butter,walnut,flour,flour ,,,,,,,,,,,,,,,,,,,
Russia,olive oil,lemon wedge,fronds,salmon caviar,smoked salmon,pumpernickel bread,cream cheese,salmon fillets,chopped fresh chives,fresh lemon juice,,,,,,,,,,,,,,,,,,,
Russia,black pepper,garlic,sour cream,eggpant,flour,water,onion,tomato,paprika,fresh lemon juice,,,,,,,,,,,,,,,,,,,
Russia,egg,vegetable oil,carrot,potato,vinegar,frozen corn,dijon mustard,gherkins,mayonaise,frozen peas,,,,,,,,,,,,,,,,,,,
Russia,black pepper, onion,fresh lemon juice,beef,bamboo shoots,bell pepper,dill,olive oil,bay leaf,garlic,,,,,,,,,,,,,,,,,,,
Russia,nutmeg,butter,thyme,pepper,beef_broth,onion,light cream,lemon juice,egg,ground beef,,,,,,,,,,,,,,,,,,,
Russia,canola oil,milk,egg yolk,vanillaextract,flour,seed,egg,active dry yeast,lemon,ground poppy seed,,,,,,,,,,,,,,,,,,,
Russia,bread crumbs,ground pork,onion,egg,garlic,parsley,olive oil,mayonaise,pepper,ground turkey,,,,,,,,,,,,,,,,,,,
Russia,vinegar,walnut,baking soda,seed,sour cream,flour,cocoa powder,butter,egg,milk,,,,,,,,,,,,,,,,,,,
Russia,butter,wheat,starch,vanilla,cherry_brandy,milk_fat,gelatin,currant,egg,milk,,,,,,,,,,,,,,,,,,,
Russia,lemon,apple,raisin,whiskey,pecan,vegetable oil,orange,wheat,egg,milk,,,,,,,,,,,,,,,,,,,
Russia,pepper,caraway,wheat,sauerkraut,starch,bacon,seed,white_bread,egg,milk,,,,,,,,,,,,,,,,,,,
Russia,dill,baking soda,flour,black pepper,egg,sour cream,butter,flour,smoked salmon,milk,,,,,,,,,,,,,,,,,,,
Russia,butter,beef,sauerkraut,mushroom,egg noodles,onion,rye_bread,swiss_cheese,milk,mustard,,,,,,,,,,,,,,,,,,,
Russia,butter,wheat,starch,apricot,vanilla,milk,milk_fat,hazelnut,egg,nut,,,,,,,,,,,,,,,,,,,
Russia,dill,vegetables,sour cream,sauerkraut,red potato,flour,green beans,pepper,vegetable oil,onion,,,,,,,,,,,,,,,,,,,
Russia,golden delicious apple,apple juice,black pepper,butter,bay leaf,ground cloves,vinegar,apple sauce,cabbage,onion,,,,,,,,,,,,,,,,,,,
Russia,brown ,olive oil,carrot,ketchup,bay leaf,onion,pork,cabbage,sour cream,pepper,,,,,,,,,,,,,,,,,,,
Russia,onion,beef,shiitake,black pepper,bay,honey,garlic,bell pepper,vegetable oil,plum,,,,,,,,,,,,,,,,,,,
Russia,chicken_leg,vegetable oil,onion,mushroom,mayonnaise,garlic,egg,cheese,black_olives,potato,,,,,,,,,,,,,,,,,,,
Russia,chicken,vegetable oil,onion,mushroom,mayonnaise,garlic,egg,cheese,oilve,potato,,,,,,,,,,,,,,,,,,,
Russia,coffee,lemon,onion,black pepper,raisin,cumin,oregano,yogurt,vegetable oil,rice,,,,,,,,,,,,,,,,,,,
Russia,pork,ham,beef,black pepper,onion,tomato_juice,garlic,rice,egg,sauerkraut,,,,,,,,,,,,,,,,,,,
Russia,olive_oil,pepper,meat,beef,chicken_broth,bacon,onion,pork,rice,sauerkraut,,,,,,,,,,,,,,,,,,,
Russia,coriander,olive_oil,pork,onion,fenugreek,potato,cilantro,seed,garlic,savory,,,,,,,,,,,,,,,,,,,
Russia,butter,pepper,caraway,beef,onion,potato,marjoram,garlic,bell pepper,seed,,,,,,,,,,,,,,,,,,,
Russia,tomato,dill,onion,roasted_pork,parsley,carrot,cabbage,rice,root,seed,,,,,,,,,,,,,,,,,,,
Russia,baking soda,milk,flour,smoked salmon,trout caviar,egg,flour,butter,chive,sour cream,,,,,,,,,,,,,,,,,,,
Russia,pure vanilla extract, egg whites,baking soda,lemon juice,peppermint extract,egg yolk,flour,vinegar,cookies,sour cream,,,,,,,,,,,,,,,,,,,
Russia,egg,vinegar,dill weed,potato,cucumber,fresh leav spinach,water,sorrel,green onion,sour cream,,,,,,,,,,,,,,,,,,,
Russia,beef,pork,chive,onion,garlic,cabbage,oil,flour,soy  sauce,sour cream,,,,,,,,,,,,,,,,,,,
Russia,dill,egg yolk,mushroom,black pepper,salmon,pastry dough,onion,spinach,egg,thyme,,,,,,,,,,,,,,,,,,,
Russia,vegetables,dill tips,sour cream,cabbage,potato,garlic,beef,beet,onion,tomato,carrot,,,,,,,,,,,,,,,,,,
Russia,black pepper,fresh thyme,parsley,butter,walnut,olive oil,onion,kasha,egg,water,,,,,,,,,,,,,,,,,,,
Russia,honey,whipped cream,almond,seed,whole wheat cereal,raisin,walnut,water,vanilla,water,,,,,,,,,,,,,,,,,,,
Russia,egg,heavy cream,black pepper,vegetable oil,dry bread crumbs,mushroom,chopped fresh chives,butter,ground veal,white sandwich bread,,,,,,,,,,,,,,,,,,,
Russia,coriander,fenugreek,cilantro,vinegar,cayenne,seed,garlic,bell pepper,basil,wine,,,,,,,,,,,,,,,,,,,
Russia,beef,black pepper,butter,onion,flour,beef,mustard,mushroom,cream,wine,black pepper,,,,,,,,,,,,,,,,,,
Russia,mint,flour,raisin,glaze,egg yolk,oil,melted butter,milk,vanilla,yeast,,,,,,,,,,,,,,,,,,,
Russia,lemon juice,flanken short ribs,pepper,cabbage,tomato,potato,bermuda onion,water,snip dill,,,,,,,,,,,,,,,,,,,,
Russia,tumeric,olive oil,summer savory,water,garlic,seed,pork shoulder,fresh cilantro, onion,,,,,,,,,,,,,,,,,,,,
Russia,baking powder,butter,raisin,squirt,lemon,flour,ground cinnamon,egg,apple,,,,,,,,,,,,,,,,,,,,
Russia,milk,cinnamon,cottage cheese,egg,farm cheese,butter,flour,water,baking powder,,,,,,,,,,,,,,,,,,,,
Russia,squirt,lemon,flour,ground cinnamon,egg,apple,butter,raisin,baking powder,,,,,,,,,,,,,,,,,,,,
Russia,wheat,apple,vanilla,buttermilk,nutmeg,cinnamon,lard,egg,banana,,,,,,,,,,,,,,,,,,,,
Russia,potato,pea,carrot,sunflower seed oil,beet,dill,onion,vinegar,black pepper,,,,,,,,,,,,,,,,,,,,
Russia,butter,lemon,fish,white_wine,bell pepper,chive,chicken,egg,bread,,,,,,,,,,,,,,,,,,,,
Russia,butter,pepper,lemon_juice,parsley,chive,vegetable oil,chicken,egg,bread,,,,,,,,,,,,,,,,,,,,
Russia,butter,lemon,black pepper,parsley,vegetable oil,wheat,chicken,egg,bread,,,,,,,,,,,,,,,,,,,,
Russia,olive_oil,wheat,lemon_peel,fish,parsley,scallion,garlic,egg,bread,,,,,,,,,,,,,,,,,,,,
Russia,olive_oil,lemon_juice,roasted_sesame_seed,nut,parsley,cumin,chickpea,garlic,bread,,,,,,,,,,,,,,,,,,,,
Russia,butter,cheese,lemon,vanilla,raisin,cream,egg,milk,bread,,,,,,,,,,,,,,,,,,,,
Russia,lamb,pepper,onion,parsley,lettuce,garlic,yogurt,milk,bread,,,,,,,,,,,,,,,,,,,,
Russia,egg,active dry yeast,raisin,flour,sprinkles,egg yolk,vanilla,milk,butter,,,,,,,,,,,,,,,,,,,,
Russia,tomato,rice,onion,vegetable oil,carrot,ground beef,parsley,garlic,cabbage,,,,,,,,,,,,,,,,,,,,
Russia,butter,cheese,grape_juice,onion,potato,egg noodles,bacon,parsley,cabbage,,,,,,,,,,,,,,,,,,,,
Russia,water,white rice,onion,chicken breasts,pepper,black pepper,ketchup,butter,carrot,,,,,,,,,,,,,,,,,,,,
Russia,egg,egg whites,onion,cottage cheese,sour cream,olive oil,biscuit mix,nonstick spray,caviar,,,,,,,,,,,,,,,,,,,,
Russia,milk,egg,yeast,caster,butter,sour cream,vanillaextract,flour,chocolate chips,,,,,,,,,,,,,,,,,,,,
Russia,chicken,potato,carrot,mushroom,spring onion,mayonnaise,egg,cheese,cornichon,,,,,,,,,,,,,,,,,,,,
Russia,cheese,egg,olive_oil,flour,baking powder,vanillaextract,icing ,blackcurrant or other fruit jam,creme fraiche,,,,,,,,,,,,,,,,,,,,
Russia,tomato,wheat,onion,bacon,garlic,bell pepper,lard,chicken,cream,,,,,,,,,,,,,,,,,,,,
Russia,tomato,marjoram,onion,shallot,scallop,veal,bell pepper,lard,cream,,,,,,,,,,,,,,,,,,,,
Russia,butter,olive_oil,lemon_juice,cayenne,parsley,garlic,beet,macaroni,cream,,,,,,,,,,,,,,,,,,,,
Russia,butter,wheat,sauerkraut,onion,bacon,lard,egg,milk,cream,,,,,,,,,,,,,,,,,,,,
Russia,butter,wheat,vanilla,banana,cocoa,lard,egg,milk,cream,,,,,,,,,,,,,,,,,,,,
Russia,butter,wheat,yeast,milk_fat,chive,rice,egg,milk,cream,,,,,,,,,,,,,,,,,,,,
Russia,butter,wheat,vanilla,raisin,cream cheese,rice,egg,milk,cream,,,,,,,,,,,,,,,,,,,,
Russia,butter,wheat,yeast,caviar,buckwheat,salmon_roe,egg,milk,cream,,,,,,,,,,,,,,,,,,,,
Russia,butter,dill,wheat,black pepper,buckwheat,smoked_salmon,egg,milk,cream,,,,,,,,,,,,,,,,,,,,
Russia,butter,caraway,wheat,yeast,shallot,fish,seed,bell pepper,cream cheese,,,,,,,,,,,,,,,,,,,,
Russia,mustard,green onion,sour cream,water,sausage,egg,dill,potato,cucumber,,,,,,,,,,,,,,,,,,,,
Russia,egg,pepper,carrot,garlic,mayonaise,potato,frozen peas,granny smith apple,dill,,,,,,,,,,,,,,,,,,,,
Russia,black pepper,filet,fresh coriander,lemon,onion,fresh basil,vinegar,scallion,dried basil,,,,,,,,,,,,,,,,,,,,
Russia,butter,olive_oil,onion,thyme,black pepper,parsley,walnut,buckwheat,egg,,,,,,,,,,,,,,,,,,,,
Russia,flour,yeast,oil,cabbage,garlic,onion,oil,carrot,egg,,,,,,,,,,,,,,,,,,,,
Russia,dill,mustard,potato,vinegar,celery,olive,vegetable oil,chicken,egg,,,,,,,,,,,,,,,,,,,,
Russia,plain yogurt,garlic,kasha,zucchini,onion,olive oil,bell pepper,chicken_broth,egg,,,,,,,,,,,,,,,,,,,,
Russia,butter,wheat,apricot,raisin,honey,cinnamon,cream cheese,orange,egg,,,,,,,,,,,,,,,,,,,,
Russia,bread crumb fresh,vegetable oil,sour cream,butter,flour,water,parsley,egg,farm cheese,,,,,,,,,,,,,,,,,,,,
Russia,fruit,olive oil,sour cream,egg,flour,vinegar,baking soda,raisin,farm cheese,,,,,,,,,,,,,,,,,,,,
Russia,milk,heavy cream,sour cream,butter,flour,active dry yeast,caviar,egg,flour,,,,,,,,,,,,,,,,,,,,
Russia,egg,vanilla,apple sauce,water,clarified butter,cheese,sour cream,egg yolk,flour,,,,,,,,,,,,,,,,,,,,
Russia,butter,saffron,vanillabeans,egg,lemon juice,candied orange peel,active dry yeast,vodka,flour,,,,,,,,,,,,,,,,,,,,
Russia,olive oil,garlic,tagliatelle,pepper,sour cream,beet,parsley,butter,fresh lemon juice,,,,,,,,,,,,,,,,,,,,
Russia,kale,crushed red pepper flakes,potato,onion,reduced sodium chicken broth,olive oil,spanish chorizo,pepper,garlic,,,,,,,,,,,,,,,,,,,,
Russia,water,fresh lemon juice,starch,granny smith apple,sour cream,ground cinnamon,cranberry juice,brown ,gingersnap,,,,,,,,,,,,,,,,,,,,
Russia,pepper,sour cream,egg,butter,onion,bread crumbs,white bread,milk,ground beef,,,,,,,,,,,,,,,,,,,,
Russia,water,green onion,cucumber,potato,dill,vinegar,sour cream,egg,ham,,,,,,,,,,,,,,,,,,,,
Russia,butter,olive_oil,coffee,beef,bacon,horseradish,garlic,sweet potato,lard,,,,,,,,,,,,,,,,,,,,
Russia,garlic,soy  sauce,ketchup,soy  sauce,mayonaise,dijon mustard,soy  sauce,olive oil,lemon,,,,,,,,,,,,,,,,,,,,
Russia,egg,flour,soda,sour cream,walnut,raisin,poppy seed,butter,milk,,,,,,,,,,,,,,,,,,,,
Russia,wheat,thyme,onion,black pepper,garlic,bell pepper,lard,chicken,milk,,,,,,,,,,,,,,,,,,,,
Russia,butter,wheat,yeast,raisin,walnut,honey,cinnamon,egg,milk,,,,,,,,,,,,,,,,,,,,
Russia,butter,wheat,yeast,raisin,walnut,honey,cinnamon,egg,milk,,,,,,,,,,,,,,,,,,,,
Russia,butter,wheat,cherry,vanilla,walnut,nut,lard,egg,milk,,,,,,,,,,,,,,,,,,,,
Russia,butter,wheat,yeast,almond,raisin,milk_fat,orange,egg,milk,,,,,,,,,,,,,,,,,,,,
Russia,butter,wheat,yeast,vanilla,raisin,cinnamon,rice,egg,milk,,,,,,,,,,,,,,,,,,,,
Russia,dill,wheat,onion,beef,yeast,black pepper,vegetable oil,egg,milk,,,,,,,,,,,,,,,,,,,,
Russia,butter,wheat,yeast,vanilla,raisin,orange,vegetable oil,egg,milk,,,,,,,,,,,,,,,,,,,,
Russia,tomato,olive_oil,lemon_juice,wheat,chicken_broth,parsley,scallion,cucumber,mint,,,,,,,,,,,,,,,,,,,,
Russia,lamb,vinegar,mustard,starch,shallot,red_wine,beef_broth,white_bread,mint,,,,,,,,,,,,,,,,,,,,
Russia,potato,black pepper,flour,cream,soda,water,butter,onion,mushroom,,,,,,,,,,,,,,,,,,,,
Russia,potato,soda,black pepper,water,butter,flour,onion,sour cream,mushroom,,,,,,,,,,,,,,,,,,,,
Russia,potato,garlic,pepper,dill,onion,mayonaise,sour cream,garlic,oil,,,,,,,,,,,,,,,,,,,,
Russia,Puy lentils leek,garlic,oil,parsley,beetroot,radishes,sour cream,pepper,oil,,,,,,,,,,,,,,,,,,,,
Russia,egg,mushroom,mushroom,vegetable broth,water,vegetable oil,garlic,buckwheat groats,onion,,,,,,,,,,,,,,,,,,,,
Russia,potato,sausage,dill garlic cloves,cucumber,egg,carrot,mayonaise,ham,onion,,,,,,,,,,,,,,,,,,,,
Russia,capers,vegetable oil,dry bread crumbs,egg,flour,butter,black pepper,chicken cutlets,parsley,,,,,,,,,,,,,,,,,,,,
Russia,pierogi,onion,mushroom,garlic,dough,butter,water,mushroom,parsley,,,,,,,,,,,,,,,,,,,,
Russia,turkey,dill,meat,vinegar,potato,scallion,vegetable oil,egg,pea,,,,,,,,,,,,,,,,,,,,
Russia,water,bay leaf,tomato,olive oil,garlic,sauerkraut,potato,black pepper,pork chops,,,,,,,,,,,,,,,,,,,,
Russia,tomato,butter,brussels sprouts,black pepper,smoked_sausage,garlic,oregano,vegetable,pork sausage,,,,,,,,,,,,,,,,,,,,
Russia,dill,carrot,pickled beet,onion,vegetable oil,sour cream,celery ribs,beef_broth,potato,,,,,,,,,,,,,,,,,,,,
Russia,active dry yeast,water,butter,water,egg,vegetable oil,flour,milk,raisin,,,,,,,,,,,,,,,,,,,,
Russia,butter,pepper,onion,asparagus,cashew,garlic,vegetable,macaroni,rice,,,,,,,,,,,,,,,,,,,,
Russia,butter,cheese,wheat,mushroom,onion,potato,egg noodles,cream,sauerkraut,,,,,,,,,,,,,,,,,,,,
Russia,tomato,olive_oil,caraway,beef,grape_juice,garlic,bell pepper,beef_broth,seed,,,,,,,,,,,,,,,,,,,,
Russia,tomato,olive_oil,pork,sauerkraut,potato,black pepper,bay,garlic,smoke,,,,,,,,,,,,,,,,,,,,
Russia,olive oil,flour,parsley,onion,potato,sour cream,egg,butter,smoked rashers,,,,,,,,,,,,,,,,,,,,
Russia,honey,butter,egg,baking soda,ground allspice,cinnamon,flour,cream,sour cream,,,,,,,,,,,,,,,,,,,,
Russia,butter,fine ,chopped fresh chives,rice_flour,egg,flour,active dry yeast,milk,sour cream,,,,,,,,,,,,,,,,,,,,
Russia,black pepper,white sandwich bread,milk,pleaseCheck,butter,flour,cooked ham,mushroom,sour cream,,,,,,,,,,,,,,,,,,,,
Russia,semolina,raisin,egg,flour,cottage cheese,butter,splenda granular,vanilla,sour cream,,,,,,,,,,,,,,,,,,,,
Russia,fresh ginger,lavender,raspberry,whey,cinnamon,cayenne,beet,water,stevia,,,,,,,,,,,,,,,,,,,,
Russia,potato, onion,carrot,low-fat mayonnaise,dill garlic cloves,vinegar,ham,egg,sweet peas,,,,,,,,,,,,,,,,,,,,
Russia,egg,milk,raisin,sour cream,panettone,flour,lemon juice,active dry yeast,vanilla,,,,,,,,,,,,,,,,,,,,
Russia,lemon extract,cream cheese,cottage cheese,currant,sour cream,butter,almond,caster,vanillaextract,,,,,,,,,,,,,,,,,,,,
Russia,milk,flour,egg,butter,meat,butter,onion,black pepper,vegetable oil,,,,,,,,,,,,,,,,,,,,
Russia,hungarian sweet paprika,bell pepper,seed,beef_broth,rib eye steaks,olive oil,garlic,tomato,vinegar,,,,,,,,,,,,,,,,,,,,
Russia,bread crumb fresh,potato,mushroom,black pepper,garlic,olive oil,hungarian hot paprika,egg,water,,,,,,,,,,,,,,,,,,,,
Russia,milk,yeast,lemon,egg,flour,butter,honey,walnut,water,,,,,,,,,,,,,,,,,,,,
Russia,coconut oil,flour,flour,molasses,vanillaextract,ground cinnamon,baking soda,raisin,water,,,,,,,,,,,,,,,,,,,,
Russia,garlic,pepper flakes,spices,ground lamb,parsley,white sandwich bread,plain yogurt, onion,,,,,,,,,,,,,,,,,,,,,
Russia,shallot,crackers,capers,sweet paprika,butter,cream cheese,seed,anchovy fillets,,,,,,,,,,,,,,,,,,,,,
Russia,sauerkraut,thyme,potato,onion,smoked_sausage,beef_broth,pork sausage,apple,,,,,,,,,,,,,,,,,,,,,
Russia,cheese,butter,milk,flour,egg,sour cream,vanilla,apple,,,,,,,,,,,,,,,,,,,,,
Russia,water,parsley,vinegar,cabbage,butter,onion,pierogi,bacon slices,,,,,,,,,,,,,,,,,,,,,
Russia,milk,dill,egg,flour,smoked salmon,butter,flour,baking powder,,,,,,,,,,,,,,,,,,,,,
Russia,juniper_berry,pepper,caraway,beef,seed,garlic,vegetable oil,beef_broth,,,,,,,,,,,,,,,,,,,,,
Russia,nonfat yogurt, onion,dill,milk,yukon potato,dill tips,vinegar,beet,,,,,,,,,,,,,,,,,,,,,
Russia,pineapple,chicken,cheese,walnut,sour cream,mayonnaise,garlic,black pepper,,,,,,,,,,,,,,,,,,,,,
Russia,potato,flour,ground chicken,egg,ground beef,vegetable oil,yellow onion,black pepper,,,,,,,,,,,,,,,,,,,,,
Russia,arrowroot,jelli strawberri,raspberry,strawberry,vanilla,blackberry,water,blackcurrant syrup,,,,,,,,,,,,,,,,,,,,,
Russia,egg,black pepper,garlic,green peas,dill,potato,mayonaise,boneless skinless chicken breasts,,,,,,,,,,,,,,,,,,,,,
Russia,onion,potato,walnut,carrot,garlic,bell pepper,chicken,bread,,,,,,,,,,,,,,,,,,,,,
Russia,butter,wheat,yeast,plum,lime juice,cinnamon,egg,bread,,,,,,,,,,,,,,,,,,,,,
Russia,butter,cane_molasses,wheat,potato,plum,lard,egg,bread,,,,,,,,,,,,,,,,,,,,,
Russia,butter,wheat,apricot,walnut,honey,egg,milk,bread,,,,,,,,,,,,,,,,,,,,,
Russia,butter,tomato,cucumber,cream cheese,garlic,egg,pork sausage,bread,,,,,,,,,,,,,,,,,,,,,
Russia,sour cream ,brown  ,ground cinnamon ,walnuts ,baking powder ,egg ,caster ,butter,,,,,,,,,,,,,,,,,,,,,
Russia,butter,vinegar,apple,onion,red_wine,black pepper,bay,cabbage,,,,,,,,,,,,,,,,,,,,,
Russia,green onion,red russian kale,agave nectar,vinegar,mayonaise,ancho powder,celery seed,cabbage,,,,,,,,,,,,,,,,,,,,,
Russia,tomato,vinegar,onion,beef,black pepper,carrot,garlic,cabbage,,,,,,,,,,,,,,,,,,,,,
Russia,butter,mustard,onion,potato,beer,smoked_sausage,smoke,cabbage,,,,,,,,,,,,,,,,,,,,,
Russia,vinegar,green_bell_pepper,onion,bacon,black pepper,celery,vegetable oil,cabbage,,,,,,,,,,,,,,,,,,,,,
Russia,mayonaise,yellow onion,potato,oil,black pepper,beet,herring fillets,carrot,,,,,,,,,,,,,,,,,,,,,
Russia,milk,baking yeast,egg,egg,flour,butter,cabbage,caster,,,,,,,,,,,,,,,,,,,,,
Russia,egg,vegetable oil,sour cream,potato,flour,pepper,whipped cream,caviar,,,,,,,,,,,,,,,,,,,,,
Russia,walnut,pierogi,dried apricot,apricot brandy,butter,dough,bread crumb fresh,cinnamon,,,,,,,,,,,,,,,,,,,,,
Russia,flour,egg,vanillaextract,walnut,baking powder,cream cheese,butter,cocktail cherries,,,,,,,,,,,,,,,,,,,,,
Russia,vinegar,pork,onion,potato,red_wine,pepper,beet,cream,,,,,,,,,,,,,,,,,,,,,
Russia,tomato,lemon_juice,wheat,onion,black pepper,garlic,bell pepper,cream,,,,,,,,,,,,,,,,,,,,,
Russia,butter,lemon,vanilla,almond,cottage cheese,currant,cream cheese,cream,,,,,,,,,,,,,,,,,,,,,
Russia,butter,cheese,wheat,parsley,vegetable oil,bread,egg,cream,,,,,,,,,,,,,,,,,,,,,
Russia,pepper,wheat,sauerkraut,potato,bacon,cheddar cheese,egg,cream,,,,,,,,,,,,,,,,,,,,,
Russia,butter,onion,potato,scallion,swiss_cheese,cheddar cheese,egg,cream,,,,,,,,,,,,,,,,,,,,,
Russia,butter,wheat,vanilla,cocoa,pecan,cinnamon,egg,cream,,,,,,,,,,,,,,,,,,,,,
Russia,butter,wheat,yeast,apricot,walnut,cinnamon,egg,cream,,,,,,,,,,,,,,,,,,,,,
Russia,butter,lemon_juice,wheat,lemon_peel,vanilla,seed,egg,cream,,,,,,,,,,,,,,,,,,,,,
Russia,coffee,wheat,almond,cherry_brandy,cocoa,vegetable oil,egg,cream,,,,,,,,,,,,,,,,,,,,,
Russia,butter,wheat,vanilla,pear,white_wine,egg,milk,cream,,,,,,,,,,,,,,,,,,,,,
Russia,butter,lemon_juice,wheat,gelatin,vanilla,strawberry,orange,cream,,,,,,,,,,,,,,,,,,,,,
Russia,wheat,onion,roasted_pork,plum,beet,bell pepper,vegetable oil,cream,,,,,,,,,,,,,,,,,,,,,
Russia,vinegar,corn,champagne_wine,horseradish,cucumber,beet,watercress,cream,,,,,,,,,,,,,,,,,,,,,
Russia,tomato,vinegar,brussels sprouts,starch,chicken_broth,cider,butter,dill,,,,,,,,,,,,,,,,,,,,,
Russia,alum,vinegar,onion,garlic,pickling cucumber,pickling spices,water,dill,,,,,,,,,,,,,,,,,,,,,
Russia,egg,onion,bay leaf,carrot,vegetable oil,ground beef,potato,dill tips,,,,,,,,,,,,,,,,,,,,,
Russia,lamb,pork,beef,black pepper,cayenne,garlic,bell pepper,egg,,,,,,,,,,,,,,,,,,,,,
Russia,tomato,olive_oil,pepper,green_bell_pepper,onion,rye_bread,bell pepper,egg,,,,,,,,,,,,,,,,,,,,,
Russia,butter,wheat,cherry,vanilla,nutmeg,cinnamon,hazelnut,egg,,,,,,,,,,,,,,,,,,,,,
Russia,butter,lemon,apricot,cinnamon,hazelnut,wheat,lemon_peel,egg,,,,,,,,,,,,,,,,,,,,,
Russia,butter,vegetable oil,spinach,chopped fresh chives,flour,dill,milk,egg,,,,,,,,,,,,,,,,,,,,,
Russia,butter,cheese,wheat,apple,vanilla,cinnamon,vegetable oil,egg,,,,,,,,,,,,,,,,,,,,,
Russia,butter,dill,olive_oil,feta cheese,scallion,garlic,yogurt,egg,,,,,,,,,,,,,,,,,,,,,
Russia,ground cloves,lemon zest,flour,butter,jam,almond,cinnamon,egg yolk,,,,,,,,,,,,,,,,,,,,,
Russia,milk,smoked salmon,egg,flour,butter,dill,baking powder,flour,,,,,,,,,,,,,,,,,,,,,
Russia,egg yolk,brandy,baking powder,walnut,ground cloves,vanillaextract,butter,flour,,,,,,,,,,,,,,,,,,,,,
Russia,beef,lamb,pork,onion,dill,egg,chopped dill,flour,,,,,,,,,,,,,,,,,,,,,
Russia,milk,vinegar,seed,baking soda,butter,sour cream,egg,flour,,,,,,,,,,,,,,,,,,,,,
Russia,grated nutmeg,almond,confectioner,ground cinnamon,egg,fresh lemon juice,granny smith apple,flour,,,,,,,,,,,,,,,,,,,,,
Russia,water,butter,active dry yeast,egg,milk,vanilla,pitted cherries,flour,,,,,,,,,,,,,,,,,,,,,
Russia,butter,egg,sour cream,mayonnaise,soda,flour,salmon,flour,,,,,,,,,,,,,,,,,,,,,
Russia,sauerkraut,sour cream,pierogi,butter,mushroom,onion,water,flour,,,,,,,,,,,,,,,,,,,,,
Russia,sour cream,egg,honey,sweet biscuit crumbs,ground walnut,liquid honey,butter-margarine blend,flour,,,,,,,,,,,,,,,,,,,,,
Russia,butter,flour,water,milk,saffron,active dry yeast,egg,flour for dusting,,,,,,,,,,,,,,,,,,,,,
Russia,black pepper,potato,chopped fresh chives,flour,egg,parsnip,vegetable oil,fresh lemon juice,,,,,,,,,,,,,,,,,,,,,
Russia,seed,bell pepper,seed,cilantro sprigs,vinegar,fresh basil leaves,jalapeno chilies,garlic,,,,,,,,,,,,,,,,,,,,,
Russia,onion,melted butter,milk,pepper,butter,egg,flour,ground beef,,,,,,,,,,,,,,,,,,,,,
Russia,green onion,black pepper,cilantro,milk,parsley,ground beef,tortillas,ground pork,,,,,,,,,,,,,,,,,,,,,
Russia,egg,maple syrup,buttermilk,baking soda,butter,flour,vegetable oil,jam,,,,,,,,,,,,,,,,,,,,,
Russia,seasoning,flour,onion,cream cheese,egg,lean beef,water,jelly,,,,,,,,,,,,,,,,,,,,,
Russia,salmon fillets,butter,shiitake,puff pastry,water,long grain white rice,egg,leek,,,,,,,,,,,,,,,,,,,,,
Russia,almond,raisin,butter,yeast,egg,flour,milk,lemon,,,,,,,,,,,,,,,,,,,,,
Russia,mayonaise,raspberry preserves,baking soda,flour,egg whites,egg,butter,lemon juice,,,,,,,,,,,,,,,,,,,,,
Russia,butter,wheat,apricot,vanilla,milk_fat,brandy,egg,milk,,,,,,,,,,,,,,,,,,,,,
Russia,butter,wheat,yeast,mace,nutmeg,lemon,egg,milk,,,,,,,,,,,,,,,,,,,,,
Russia,butter,wheat,yeast,vanilla,ginger,mace,egg,milk,,,,,,,,,,,,,,,,,,,,,
Russia,butter,lemon_juice,wheat,yeast,apricot,milk_fat,egg,milk,,,,,,,,,,,,,,,,,,,,,
Russia,butter,wheat,yeast,vanilla,nutmeg,orange,egg,milk,,,,,,,,,,,,,,,,,,,,,
Russia,black_currant,strawberry,vanilla,gelatin,blackberry,raspberry,egg,milk,,,,,,,,,,,,,,,,,,,,,
Russia,butter,dill,wheat,milk_fat,chive,vegetable oil,egg,milk,,,,,,,,,,,,,,,,,,,,,
Russia,wheat,raisin,walnut,honey,cinnamon,vegetable oil,egg,milk,,,,,,,,,,,,,,,,,,,,,
Russia,butter,lemon,vanilla,cocoa,lard,wheat,egg,milk,,,,,,,,,,,,,,,,,,,,,
Russia,butter,lemon,yeast,vanilla,raisin,wheat,egg,milk,,,,,,,,,,,,,,,,,,,,,
Russia,vanilla,oil,milk,cream cheese,rolls,sour cream,whipped cream,milk,,,,,,,,,,,,,,,,,,,,,
Russia,egg,vegetable oil,cabbage,potato,black pepper,butter,flour,onion,,,,,,,,,,,,,,,,,,,,,
Russia,water,garlic,pierogi,dill,bacon slices,cabbage,olive oil,onion,,,,,,,,,,,,,,,,,,,,,
Russia,crusty bread,pepper,bell pepper,olive oil,sausage,mustard,sauerkraut,onion,,,,,,,,,,,,,,,,,,,,,
Russia,vegetable oil,reduced sodium chicken broth,dill,pierogi,tomato,seed,Turkish bay leaves,onion,,,,,,,,,,,,,,,,,,,,,
Russia,mayonaise,ground pork,pepper,Italian seasoned breadcrumbs,ground chicken,egg,water,onion,,,,,,,,,,,,,,,,,,,,,
Russia,milk,yeast,flour,raisin,cardamom,egg,butter,orange,,,,,,,,,,,,,,,,,,,,,
Russia,water,dill,tomato,vegetable oil,cabbage,sauerkraut,onion,pepper,,,,,,,,,,,,,,,,,,,,,
Russia,butter,bread crumb fresh,cinnamon,walnut,potato,flour,egg yolk,plum,,,,,,,,,,,,,,,,,,,,,
Russia,pepper,vinegar,sour cream,beet,chopped onion,water,potato,pork country-style ribs,,,,,,,,,,,,,,,,,,,,,
Russia,onion,black pepper,bay,smoked_sausage,beef_broth,carrot,pea,pork sausage,,,,,,,,,,,,,,,,,,,,,
Russia,cane_molasses,vinegar,lemon_juice,onion,tabasco_pepper,smoked_sausage,tamarind,pork sausage,,,,,,,,,,,,,,,,,,,,,
Russia,green_bell_pepper,onion,potato,black pepper,smoked_sausage,garlic,vegetable oil,pork sausage,,,,,,,,,,,,,,,,,,,,,
Russia,egg,chicken breasts,black pepper,dill garlic cloves,mayonaise,pea,tomato,potato,,,,,,,,,,,,,,,,,,,,,
Russia,tomato,olive_oil,onion,dill,raisin,pistachio,cinnamon,rice,,,,,,,,,,,,,,,,,,,,,
Russia,caraway,onion,bacon,smoked_sausage,garlic,bell pepper,cabbage,seed,,,,,,,,,,,,,,,,,,,,,
Russia,butter,fresh lemon juice,chopped onion,cabbage,shredded carrot,beet,beef_broth,sour cream,,,,,,,,,,,,,,,,,,,,,
Russia,baking powder,cream cheese,cool whip,vanilla,egg,fresh raspberries,flour,sour cream,,,,,,,,,,,,,,,,,,,,,
Russia,wheat,yeast,milk_fat,vegetable oil,raspberry,egg,milk,strawberry,,,,,,,,,,,,,,,,,,,,,
Russia,apricot jam,egg yolk,grated lemon peel,ground cinnamon,lemon extract,flour,egg,toast,,,,,,,,,,,,,,,,,,,,,
Russia,ground cinnamon,cheese,ground allspice,butter,flour,dried cranberries,egg,toasted walnut,,,,,,,,,,,,,,,,,,,,,
Russia,water,white_rice,cabbage,beef,onion,egg,black pepper,tomato,,,,,,,,,,,,,,,,,,,,,
Russia,pork,onion,garlic,egg,black pepper,water,bread_crumb,vegetable oil,,,,,,,,,,,,,,,,,,,,,
Russia,tomato,dill,onion,vinegar,parsley,garlic,chive,vegetable oil,,,,,,,,,,,,,,,,,,,,,
Russia,tomato,cane_molasses,sauerkraut,onion,black pepper,cumin,garlic,vegetable oil,,,,,,,,,,,,,,,,,,,,,
Russia,beetroot,garlic,parsley,pepper,creme fraiche,Lemon juice,horseradish,virgin olive oil,,,,,,,,,,,,,,,,,,,,,
Russia,egg,butter,cabbage,pepper,milk,flour,active dry yeast,water,,,,,,,,,,,,,,,,,,,,,
Russia,eggpant,onion,bell pepper,vinegar,tomato,vegetable oil,water,water,,,,,,,,,,,,,,,,,,,,,
Russia,black pepper,egg,tomato,cabbage,lean ground beef,chopped onion,water,white rice,,,,,,,,,,,,,,,,,,,,,
Russia,dill,mustard,onion,potato,black pepper,vinegar,bacon,white_wine,,,,,,,,,,,,,,,,,,,,,
Russia,egg,flour,butter,melted butter,milk,flour,active dry yeast,,,,,,,,,,,,,,,,,,,,,,
Russia,schmaltz,onion,bread crumbs,potato,pepper,egg,baking powder,,,,,,,,,,,,,,,,,,,,,,
Russia,seed,garlic,chicken_broth,fish,black pepper,corn,bay,,,,,,,,,,,,,,,,,,,,,,
Russia,black pepper,bay leaf,clove,apple cider,fresh ham,dijon mustard,beer,,,,,,,,,,,,,,,,,,,,,,
Russia,jalapeno chilies,oil,tomato,apple,garlic,carrot,bell pepper,,,,,,,,,,,,,,,,,,,,,,
Russia,tomato,garlic,beef,onion,vegetable oil,black pepper,bell pepper,,,,,,,,,,,,,,,,,,,,,,
Russia,pepper,onion,mushroom,vegetable oil,chicken,cream,bell pepper,,,,,,,,,,,,,,,,,,,,,,
Russia,water,onion,pork,flour,egg,beef,black pepper,,,,,,,,,,,,,,,,,,,,,,
Russia,milk,sour cream,cooked ham,lasagna noodles,cottage cheese,egg,black pepper,,,,,,,,,,,,,,,,,,,,,,
Russia,reduced sodium chicken broth,smoked kielbasa,granny smith apple,butter,olive oil,onion,black pepper,,,,,,,,,,,,,,,,,,,,,,
Russia,cane_molasses,pork,marjoram,garlic,meat,beef,black pepper,,,,,,,,,,,,,,,,,,,,,,
Russia,butter,lemon,beef,potato,vegetable,cheddar cheese,black pepper,,,,,,,,,,,,,,,,,,,,,,
Russia,olive_oil,pork,wheat,onion,potato,egg,black pepper,,,,,,,,,,,,,,,,,,,,,,
Russia,butter,wheat,cream cheese,thyme,hazelnut,olive,black pepper,,,,,,,,,,,,,,,,,,,,,,
Russia,butter,cocoa,wheat,black_tea,hazelnut,egg,bread,,,,,,,,,,,,,,,,,,,,,,
Russia,cabbage,oregano,mayonaise,lettuce,butter,pepper,bread slices,,,,,,,,,,,,,,,,,,,,,,
Russia,flour,brandy,milk,confectioner,egg,apricot jam,butter,,,,,,,,,,,,,,,,,,,,,,
Russia,milk,vegetable oil,baking soda,baking powder,flour,egg,butter,,,,,,,,,,,,,,,,,,,,,,
Russia,water,egg,active dry yeast,flour,mozzarella_cheese,havarti cheese,butter,,,,,,,,,,,,,,,,,,,,,,
Russia,egg,vegetables,water,baking powder,flour,milk,butter,,,,,,,,,,,,,,,,,,,,,,
Russia,butter,tomato,pepper,garlic,onion,celery,cabbage,,,,,,,,,,,,,,,,,,,,,,
Russia,kidney beans,potato,beet,garlic,carrot,vegetable oil,cabbage,,,,,,,,,,,,,,,,,,,,,,
Russia,water,flour,oil,active dry yeast,flour,apple,canola oil,,,,,,,,,,,,,,,,,,,,,,
Russia,pea,diced onion,cornichons,mayonaise,potato,egg,carrot,,,,,,,,,,,,,,,,,,,,,,
Russia,pepper,pearl barley,celery,chicken stock,gherkins,potato,carrot,,,,,,,,,,,,,,,,,,,,,,
Russia,seed,garlic,vinegar,pepper,onion,vegetable oil,carrot,,,,,,,,,,,,,,,,,,,,,,
Russia,sauerkraut,chopped onion,potato,dill garlic cloves,olive oil,beet,carrot,,,,,,,,,,,,,,,,,,,,,,
Russia,celery root,oil,cherry ,onion,egg,butter,caster ,,,,,,,,,,,,,,,,,,,,,,
Russia,vinegar,pepper,lemon_juice,garlic,oregano,vegetable oil,chicken,,,,,,,,,,,,,,,,,,,,,,
Russia,butter,bittersweet chocolate,walnut,matzo meal,egg,walnut,chocolate,,,,,,,,,,,,,,,,,,,,,,
Russia,raspberry jam,butter,semi-sweet chocolate,egg,flour,walnut,chocolate,,,,,,,,,,,,,,,,,,,,,,
Russia,butter,cane_molasses,wheat,apple,cream,egg,cinnamon,,,,,,,,,,,,,,,,,,,,,,
Russia,honey,seed,barley,apricot,almond,raisin,cinnamon,,,,,,,,,,,,,,,,,,,,,,
Russia,oil,popcorn,coconut oil,cocoa powder,icing ,sour cherries,coconut,,,,,,,,,,,,,,,,,,,,,,
Russia,active dry yeast,water,water,baking soda,flour,milk,cornmeal,,,,,,,,,,,,,,,,,,,,,,
Russia,butter,cheese,wheat,cinnamon,egg,milk,cottage cheese,,,,,,,,,,,,,,,,,,,,,,
Russia,butter,wheat,cream cheese,potato,egg,milk,cottage cheese,,,,,,,,,,,,,,,,,,,,,,
Russia,wheat,yeast,egg,lard,raisin,milk,cottage cheese,,,,,,,,,,,,,,,,,,,,,,
Russia,dill,beet,cucumber,vinegar,radish,buttermilk,cream,,,,,,,,,,,,,,,,,,,,,,
Russia,wheat,cinnamon,potato,vegetable oil,raisin,egg,cream,,,,,,,,,,,,,,,,,,,,,,
Russia,butter,cocoa,wheat,apricot,vanilla,egg,cream,,,,,,,,,,,,,,,,,,,,,,
Russia,butter,honey,wheat,vanilla,egg,milk,cream,,,,,,,,,,,,,,,,,,,,,,
Russia,olive_oil,sauerkraut,beef,potato,tabasco_pepper,onion,cream,,,,,,,,,,,,,,,,,,,,,,
Russia,pepper,green_bell_pepper,onion,cabbage,sage,pork sausage,cream,,,,,,,,,,,,,,,,,,,,,,
Russia,butter,cheese,brandy,egg,vanilla,raisin,cream,,,,,,,,,,,,,,,,,,,,,,
Russia,tomato,wheat,onion,vegetable oil,beet,garlic,cumin,,,,,,,,,,,,,,,,,,,,,,
Russia,butter,lemon,wheat,cinnamon,currant,almond,egg,,,,,,,,,,,,,,,,,,,,,,
Russia,butter,lemon_juice,wheat,cinnamon,plum,almond,egg,,,,,,,,,,,,,,,,,,,,,,
Russia,water,dill,buttermilk,onion,beet,cucumber,egg,,,,,,,,,,,,,,,,,,,,,,
Russia,olive_oil,onion,potato,vegetable oil,salmon,parsley,egg,,,,,,,,,,,,,,,,,,,,,,
Russia,black pepper,vegetable oil,beef,flour,sauerkraut,scallion,egg,,,,,,,,,,,,,,,,,,,,,,
Russia,butter,strawberry,wheat,cardamom,pecan,vanilla,egg,,,,,,,,,,,,,,,,,,,,,,
Russia,saffron threads,butter,flour,water,milk,active dry yeast,egg,,,,,,,,,,,,,,,,,,,,,,
Russia,egg noodles,sour cream,bell pepper,cooking spray,beef consomme,condensed french onion soup,flank steak,,,,,,,,,,,,,,,,,,,,,,
Russia,egg,heavy cream,sour cream,milk,flour,active dry yeast,flour,,,,,,,,,,,,,,,,,,,,,,
Russia,lean ground beef,onion,egg,water,vegetable oil,black pepper,flour,,,,,,,,,,,,,,,,,,,,,,
Russia,active dry yeast,egg,yogurt,water,chopped fresh chives,butter,flour,,,,,,,,,,,,,,,,,,,,,,
Russia,salmon,egg,butter,active dry yeast,water,buttermilk,flour,,,,,,,,,,,,,,,,,,,,,,
Russia,flour,buttermilk,baking powder,xanthan gum,butter,egg,flour,,,,,,,,,,,,,,,,,,,,,,
Russia,milk,seed,vegetable oil,cottage cheese,raisin,egg,flour,,,,,,,,,,,,,,,,,,,,,,
Russia,cinnamon,heavy whipping cream,egg,butter,yeast,milk,flour,,,,,,,,,,,,,,,,,,,,,,
Russia,ground chicken,egg,panko breadcrumbs,olive oil,onion,mushroom,flour,,,,,,,,,,,,,,,,,,,,,,
Russia,vegetable oil,onion,water,egg,potato,pepper,flour,,,,,,,,,,,,,,,,,,,,,,
Russia,egg,baking powder,milk,black pepper,vegetable oil,potato,flour,,,,,,,,,,,,,,,,,,,,,,
Russia,kefir,vegetable oil,egg,baking soda,milk,sunflower oil,flour,,,,,,,,,,,,,,,,,,,,,,
Russia,beet,potato,carrot,onion,pickle,mushroom,garbanzo_bean,,,,,,,,,,,,,,,,,,,,,,
Russia,black pepper,egg,onion,parsley,minced beef,flour,ground pork,,,,,,,,,,,,,,,,,,,,,,
Russia,active dry yeast,butter,egg,flour,cabbage,vegetables,half & half,,,,,,,,,,,,,,,,,,,,,,
Russia,chicken,onion,black pepper,flour,milk,egg,leaf,,,,,,,,,,,,,,,,,,,,,,
Russia,potato,onion,pepper,water,parsley,fish fillets,lemon,,,,,,,,,,,,,,,,,,,,,,
Russia,cottage cheese,lemon rind,egg,cinnamon,sour cream,flour,lemon juice,,,,,,,,,,,,,,,,,,,,,,
Russia,pepper,egg,potato,canned peas and carrot,dill garlic cloves,white onion,low-fat mayonnaise,,,,,,,,,,,,,,,,,,,,,,
Russia,vegan sour cream,agave nectar,silken tofu,flour,baking powder,baking soda,margarine,,,,,,,,,,,,,,,,,,,,,,
Russia,pepper,wheat,onion,potato,egg,bacon,milk,,,,,,,,,,,,,,,,,,,,,,
Russia,white pepper,egg,butter,bread crumb fresh,chicken breasts,bread,milk,,,,,,,,,,,,,,,,,,,,,,
Russia,butter,milk_fat,wheat,yeast,buckwheat,egg,milk,,,,,,,,,,,,,,,,,,,,,,
Russia,butter,pepper,wheat,yeast,cabbage,egg,milk,,,,,,,,,,,,,,,,,,,,,,
Russia,fruit,wheat,yeast,lemon,lard,egg,milk,,,,,,,,,,,,,,,,,,,,,,
Russia,butter,wheat,yeast,vegetable oil,raisin,egg,milk,,,,,,,,,,,,,,,,,,,,,,
Russia,butter,lemon,yeast,wheat,raisin,egg,milk,,,,,,,,,,,,,,,,,,,,,,
Russia,butter,cocoa,wheat,yeast,tea,egg,milk,,,,,,,,,,,,,,,,,,,,,,
Russia,butter,cane_molasses,wheat,yeast,vanilla,egg,milk,,,,,,,,,,,,,,,,,,,,,,
Russia,butter,cocoa,wheat,cinnamon,yeast,egg,milk,,,,,,,,,,,,,,,,,,,,,,
Russia,butter,milk_fat,wheat,sesame_seed,yeast,egg,milk,,,,,,,,,,,,,,,,,,,,,,
Russia,dill,wheat,beef,vinegar,vegetable,potato,milk,,,,,,,,,,,,,,,,,,,,,,
Russia,butter,wheat,yeast,orange,egg,raisin,milk,,,,,,,,,,,,,,,,,,,,,,
Russia,butter,milk_fat,wheat,egg,vanilla,raisin,milk,,,,,,,,,,,,,,,,,,,,,,
Russia,fresh basil,blackberry,raspberry,starch,fresh lemon juice,vanillabeans,muscat,,,,,,,,,,,,,,,,,,,,,,
Russia,olive oil,beef tenderloin,heavy cream,onion,butter,parsley,mushroom,,,,,,,,,,,,,,,,,,,,,,
Russia,pork,tomato,onion,cheese,garlic,black pepper,mustard,,,,,,,,,,,,,,,,,,,,,,
Russia,dill,green onion,pepper,european cucumber, onion,tomato,olive oil,,,,,,,,,,,,,,,,,,,,,,
Russia,egg,cream,imitation crab meat,mayonaise,pea,corn,onion,,,,,,,,,,,,,,,,,,,,,,
Russia,butter,pepper,macaroni,sauerkraut,mushroom,garlic,onion,,,,,,,,,,,,,,,,,,,,,,
Russia,egg,flour,ground beef,water,garlic,ground pork,onion,,,,,,,,,,,,,,,,,,,,,,
Russia,warm milk,caster,egg,butter,flour ,oil,onion,,,,,,,,,,,,,,,,,,,,,,
Russia,cooking oil,celery,flour,black pepper,beef stock,potato,onion,,,,,,,,,,,,,,,,,,,,,,
Russia,capsicum,chicken,tamarind juice,oil,ketchup,tea,onion,,,,,,,,,,,,,,,,,,,,,,
Russia,Tea,Water,pineapple juice,clove,lemon,Berry,Orange,,,,,,,,,,,,,,,,,,,,,,
Russia,water,clove,berry,tea,pineapple,lemon,orange,,,,,,,,,,,,,,,,,,,,,,
Russia,butter,olive_oil,beef,mushroom,cream,onion,parsley,,,,,,,,,,,,,,,,,,,,,,
Russia,tomato,pepper,onion,beef,cabbage,rice,parsley,,,,,,,,,,,,,,,,,,,,,,
Russia,almond,raisin,dried apricot,honey,seed,cinnamon,pearl barley,,,,,,,,,,,,,,,,,,,,,,
Russia,mayonaise,turkey hot dogs,green onion,potato,dill garlic cloves,egg,pea,,,,,,,,,,,,,,,,,,,,,,
Russia,butter,onion,sherry vinegar,sultana,apple,cabbage,pepper,,,,,,,,,,,,,,,,,,,,,,
Russia,butter,pork,garlic,onion,egg noodles,cabbage,pepper,,,,,,,,,,,,,,,,,,,,,,
Russia,egg,vegetable oil,water,flour,beef,onion,pepper,,,,,,,,,,,,,,,,,,,,,,
Russia,mayonaise,parsley,olive oil,salmon,onion,egg,potato,,,,,,,,,,,,,,,,,,,,,,
Russia,olive oil,vinegar,smoked kielbasa,mustard,parsley,sweet onion,potato,,,,,,,,,,,,,,,,,,,,,,
Russia,cocoa,coconut,lemon_juice,lemon,potato,rum,raisin,,,,,,,,,,,,,,,,,,,,,,
Russia,chicken_broth,beef,potato,mushroom,beet,red_onion,red_kale_leaves,,,,,,,,,,,,,,,,,,,,,,
Russia,butter,milk_fat,wheat,yeast,egg,milk,saffron,,,,,,,,,,,,,,,,,,,,,,
Russia,butter,pepper,macaroni,mushroom,onion,bacon,sauerkraut,,,,,,,,,,,,,,,,,,,,,,
Russia,radishes,liquid,dill,pickled beet,buttermilk,sour cream,seedless cucumber,,,,,,,,,,,,,,,,,,,,,,
Russia,egg,vanilla,lemon zest,almond,farm cheese,butter,sour cream,,,,,,,,,,,,,,,,,,,,,,
Russia,beef_broth,onion,vinegar,cucumber,black pepper,beet,sour cream,,,,,,,,,,,,,,,,,,,,,,
Russia,corn oil,vinegar,horseradish,beet,watercress,hothouse cucumber,sour cream,,,,,,,,,,,,,,,,,,,,,,
Russia,beef soup bones,olive oil,onion,sauerkraut,sour cream,potato,soy  sauce,,,,,,,,,,,,,,,,,,,,,,
Russia,reduced-fat sour cream,boneless skinless chicken breasts,chopped onion,butter,chicken_broth,paprika,tomato,,,,,,,,,,,,,,,,,,,,,,
Russia,egg yolk,farm cheese,thickened cream,almond,lemon,raisin,butter,,,,,,,,,,,,,,,,,,,,,,
Russia,mashed potato,flour,prepared horseradish,caviar,dill,sour cream,vegetable oil,,,,,,,,,,,,,,,,,,,,,,
Russia,egg,baking powder,milk,butter,ground cinnamon,flour,vegetable oil,,,,,,,,,,,,,,,,,,,,,,
Russia,wheat,bell pepper,onion,potato,garlic,black pepper,vegetable oil,,,,,,,,,,,,,,,,,,,,,,
Russia,cheese,flour,raisin,egg,soda,vanilla,vegetable oil,,,,,,,,,,,,,,,,,,,,,,
Russia,butter,cheese,wheat,cinnamon,cranberry,egg,walnut,,,,,,,,,,,,,,,,,,,,,,
Russia,baking apple,flour,butter,egg,vanillaextract,baking powder,water,,,,,,,,,,,,,,,,,,,,,,
Russia,cod fillets,parsley,pepper,lemon,potato,onion,water,,,,,,,,,,,,,,,,,,,,,,
Russia,eggpant,pepper,tomato,onion,vegetable oil,red_wine_vinegar,water,,,,,,,,,,,,,,,,,,,,,,
Russia,pepper,wheat,beef,mozzarella_cheese,vegetable oil,cabbage,white_bread,,,,,,,,,,,,,,,,,,,,,,
Russia,potato,onion,water,mushroom,vegetables,flour,yeast,,,,,,,,,,,,,,,,,,,,,,
Russia,egg ,butter,honey,cloves,ginger , ,,,,,,,,,,,,,,,,,,,,,,,
Russia,tomato,tomato,cabbage,sauerkraut,barley,bacon,,,,,,,,,,,,,,,,,,,,,,,
Russia,butter,garlic,onion,egg noodles,cabbage,bacon,,,,,,,,,,,,,,,,,,,,,,,
Russia,egg,flour,ground cinnamon,brandy,butter,baking powder,,,,,,,,,,,,,,,,,,,,,,,
Russia,celery,vinegar,carrot,onion,cream,bay,,,,,,,,,,,,,,,,,,,,,,,
Russia,carrot,potato,onion,beet,cabbage,beef tenderloin,,,,,,,,,,,,,,,,,,,,,,,
Russia,vinegar,fat-free buttermilk,cucumber,green onion,dill,beet,,,,,,,,,,,,,,,,,,,,,,,
Russia,water,bay leaf,vinegar,garlic,turnip,beet,,,,,,,,,,,,,,,,,,,,,,,
Russia,sour cream,egg,caster,flour,cream,biscuits,,,,,,,,,,,,,,,,,,,,,,,
Russia,semi-sweet chocolate,confectioner,butter,flour,egg,bittersweet chocolate,,,,,,,,,,,,,,,,,,,,,,,
Russia,cottage cheese,potato,butter,yogurt,egg,black pepper,,,,,,,,,,,,,,,,,,,,,,,
Russia,pork ,tomato,onion,cheese,garlic,black pepper,,,,,,,,,,,,,,,,,,,,,,,
Russia,vegetable oil,egg,flour,sweet potato,scallion,black pepper,,,,,,,,,,,,,,,,,,,,,,,
Russia,butter,tomato_juice,green_bell_pepper,onion,rice,black pepper,,,,,,,,,,,,,,,,,,,,,,,
Russia,butter,wheat,beef,onion,cabbage,bread,,,,,,,,,,,,,,,,,,,,,,,
Russia,pepper,onion,potato,vegetable oil,egg,bread,,,,,,,,,,,,,,,,,,,,,,,
Russia,potato,flour,buttermilk,water,cheese,butter,,,,,,,,,,,,,,,,,,,,,,,
Russia,garlic,oil,cherry ,onion,egg,butter,,,,,,,,,,,,,,,,,,,,,,,
Russia,baking soda,vanillaextract,egg,flour,milk,butter,,,,,,,,,,,,,,,,,,,,,,,
Russia,almond,cream style cottage cheese,egg yolk,vanillaextract,butter,candied fruit,,,,,,,,,,,,,,,,,,,,,,,
Russia,light mayonnaise,parsley,potato,cornichons,frozen peas,carrot,,,,,,,,,,,,,,,,,,,,,,,
Russia,tomato,pepper,green_bell_pepper,onion,beef,cayenne,,,,,,,,,,,,,,,,,,,,,,,
Russia,mushroom butter,onion,garlic,kasha,smoked trout,chervil leaves,,,,,,,,,,,,,,,,,,,,,,,
Russia,butter,tomato,onion,chicken_broth,black pepper,chicken,,,,,,,,,,,,,,,,,,,,,,,
Russia,vinegar,horseradish,beet,meat,egg,cider,,,,,,,,,,,,,,,,,,,,,,,
Russia,fresh ginger,fresh mint,clove,lemon zest,honey,cinnamon,,,,,,,,,,,,,,,,,,,,,,,
Russia,dried fruit,water,water,honey,starch,cinnamon,,,,,,,,,,,,,,,,,,,,,,,
Russia,flour,canola oil,egg,water,flour,cottage cheese,,,,,,,,,,,,,,,,,,,,,,,
Russia,wheat,onion,potato,egg,black pepper,cottage cheese,,,,,,,,,,,,,,,,,,,,,,,
Russia,butter,potato,yogurt,egg,black pepper,cottage cheese,,,,,,,,,,,,,,,,,,,,,,,
Russia,butter,pepper,wheat,egg,milk,cottage cheese,,,,,,,,,,,,,,,,,,,,,,,
Russia,butter,wheat,vanilla,almond,egg,cream,,,,,,,,,,,,,,,,,,,,,,,
Russia,butter,cocoa,rum,nut,egg,cream,,,,,,,,,,,,,,,,,,,,,,,
Russia,cheese,wheat,sauerkraut,potato,egg,cream,,,,,,,,,,,,,,,,,,,,,,,
Russia,butter,vinegar,wheat,rum,egg,cream,,,,,,,,,,,,,,,,,,,,,,,
Russia,butter,wheat,lard,vanilla,egg,cream,,,,,,,,,,,,,,,,,,,,,,,
Russia,wheat,rum,vegetable oil,vanilla,egg,cream,,,,,,,,,,,,,,,,,,,,,,,
Russia,whiskey,wheat,vegetable oil,vanilla,egg,cream,,,,,,,,,,,,,,,,,,,,,,,
Russia,butter,lemon,vegetable oil,wheat,egg,cream,,,,,,,,,,,,,,,,,,,,,,,
Russia,wheat,yeast,buckwheat,egg,milk,cream,,,,,,,,,,,,,,,,,,,,,,,
Russia,butter,fruit,wheat,vanilla,milk,cream,,,,,,,,,,,,,,,,,,,,,,,
Russia,sauerkraut,mushroom,vegetable oil,black pepper,onion,cream,,,,,,,,,,,,,,,,,,,,,,,
Russia,egg whites,egg,cabbage,butter,flour,cream cheese,,,,,,,,,,,,,,,,,,,,,,,
Russia,potato,onion,butter,bacon,mozzarella_cheese,cream cheese,,,,,,,,,,,,,,,,,,,,,,,
Russia,flour,onion,soft goat's cheese,egg,butter,cream cheese,,,,,,,,,,,,,,,,,,,,,,,
Russia,vinegar,garlic,black pepper,sweet paprika,water,cucumber,,,,,,,,,,,,,,,,,,,,,,,
Russia,butter,wheat,potato,nutmeg,black pepper,egg,,,,,,,,,,,,,,,,,,,,,,,
Russia,wheat,beef,onion,vegetable oil,black pepper,egg,,,,,,,,,,,,,,,,,,,,,,,
Russia,butter,cheese,wheat,yeast,mozzarella_cheese,egg,,,,,,,,,,,,,,,,,,,,,,,
Russia,butter,wheat,lard,orange,orange_juice,egg,,,,,,,,,,,,,,,,,,,,,,,
Russia,cheese,pepper,wheat,onion,potato,egg,,,,,,,,,,,,,,,,,,,,,,,
Russia,pepper,wheat,onion,potato,vegetable oil,egg,,,,,,,,,,,,,,,,,,,,,,,
Russia,pepper,wheat,onion,potato,vegetable oil,egg,,,,,,,,,,,,,,,,,,,,,,,
Russia,flour,cherry pie filling,milk,apple,egg yolk,egg whites,,,,,,,,,,,,,,,,,,,,,,,
Russia,vodka,pitted prunes,seed,half & half,vanilla,egg yolk,,,,,,,,,,,,,,,,,,,,,,,
Russia,baking soda,vanillaextract,buttermilk,egg,vinegar,flour,,,,,,,,,,,,,,,,,,,,,,,
Russia,caster,coarse cooking,white vinegar,dill,cherry ,garlic,,,,,,,,,,,,,,,,,,,,,,,
Russia,vegetable oil,bay leaf,vinegar,onion,water,herring fillets,,,,,,,,,,,,,,,,,,,,,,,
Russia,Jell-O Gelatin,pastry,agar,egg whites,water,lemon,,,,,,,,,,,,,,,,,,,,,,,
Russia,beef,black pepper,onion,cheese,milk,mayonnaise,,,,,,,,,,,,,,,,,,,,,,,
Russia,potato,onion,carrot,egg,salmon,mayonnaise,,,,,,,,,,,,,,,,,,,,,,,
Russia,potato,carrot,egg,onion,salmon,mayonnaise,,,,,,,,,,,,,,,,,,,,,,,
Russia,butter,onion,potato,egg,bacon,milk,,,,,,,,,,,,,,,,,,,,,,,
Russia,dried yeast ,caster,egg,flour ,butter,milk,,,,,,,,,,,,,,,,,,,,,,,
Russia,butter,cocoa,rum,apricot,egg,milk,,,,,,,,,,,,,,,,,,,,,,,
Russia,butter,wheat,yeast,lard,egg,milk,,,,,,,,,,,,,,,,,,,,,,,
Russia,fruit,wheat,yeast,lard,egg,milk,,,,,,,,,,,,,,,,,,,,,,,
Russia,fruit,wheat,yeast,lard,egg,milk,,,,,,,,,,,,,,,,,,,,,,,
Russia,butter,lemon,yeast,wheat,egg,milk,,,,,,,,,,,,,,,,,,,,,,,
Russia,butter,milk_fat,wheat,yeast,egg,milk,,,,,,,,,,,,,,,,,,,,,,,
Russia,butter,wheat,yeast,egg,raisin,milk,,,,,,,,,,,,,,,,,,,,,,,
Russia,mashed potato,sour cream,flour,egg,canola oil,mozzarella_cheese,,,,,,,,,,,,,,,,,,,,,,,
Russia,milk,butter,chocolate,egg yolk,roasted hazelnuts,Nutella,,,,,,,,,,,,,,,,,,,,,,,
Russia,ground pork,black pepper,ground beef,egg,flour,onion,,,,,,,,,,,,,,,,,,,,,,,
Russia,beef ,cheese,black pepper,milk,mayonnaise,onion,,,,,,,,,,,,,,,,,,,,,,,
Russia,mayonaise,black pepper,pomegranate juice,vinegar,pork,onion,,,,,,,,,,,,,,,,,,,,,,,
Russia,butter,orange_peel,red_wine,beet,vinegar,orange_juice,,,,,,,,,,,,,,,,,,,,,,,
Russia,lamb,olive_oil,garlic,chive,black pepper,parsley,,,,,,,,,,,,,,,,,,,,,,,
Russia,chopped fresh chives,leg of lamb,black pepper,garlic,olive oil,parsley,,,,,,,,,,,,,,,,,,,,,,,
Russia,pepper,lemon,cod,onion,potato,parsley,,,,,,,,,,,,,,,,,,,,,,,
Russia,water,fresh tarragon,vinegar,garlic,pepper,pickling cucumber,,,,,,,,,,,,,,,,,,,,,,,
Russia,water,sour cream,white pepper,beet,lemon,potato,,,,,,,,,,,,,,,,,,,,,,,
Russia,pepper,garlic,pork sirloin,onion,olive oil,red wine,,,,,,,,,,,,,,,,,,,,,,,
Russia,tomato,vinegar,green_bell_pepper,onion,vegetable oil,red_wine,,,,,,,,,,,,,,,,,,,,,,,
Russia,butter,pepper,tomato_juice,onion,cabbage,rice,,,,,,,,,,,,,,,,,,,,,,,
Russia,wheat,sweet potato,vegetable oil,black pepper,egg,scallion,,,,,,,,,,,,,,,,,,,,,,,
Russia,buttermilk,caraway,wheat,yeast,rye_flour,seed,,,,,,,,,,,,,,,,,,,,,,,
Russia,fresh blueberries,flour,egg whites,water,egg yolk,sour cream,,,,,,,,,,,,,,,,,,,,,,,
Russia,potato,cottage cheese,raisin,egg,flour,sour cream,,,,,,,,,,,,,,,,,,,,,,,
Russia,water,scallion,potato,sorrel,radishes,sour cream,,,,,,,,,,,,,,,,,,,,,,,
Russia,Velveeta,sour cream,olive oil,onion,pepper,steak,,,,,,,,,,,,,,,,,,,,,,,
Russia,sauerkraut,mushroom,sour cream,black pepper,chopped onion,vegetable oil,,,,,,,,,,,,,,,,,,,,,,,
Russia,melted butter,instant yeast,milk,flour,egg,vegetable oil,,,,,,,,,,,,,,,,,,,,,,,
Russia,tomato,cured_pork,pepper,bell pepper,onion,vegetable oil,,,,,,,,,,,,,,,,,,,,,,,
Russia,cabbage,olive oil,dill,radishes,persian cucumber,vinegar,,,,,,,,,,,,,,,,,,,,,,,
Russia,butter,wheat,cinnamon,cottage cheese,egg,walnut,,,,,,,,,,,,,,,,,,,,,,,
Russia,butter,honey,wheat,cream cheese,egg,walnut,,,,,,,,,,,,,,,,,,,,,,,
Russia,garlic,vegetable oil,beet,plum,egg,walnut,,,,,,,,,,,,,,,,,,,,,,,
Russia,butter,wheat,cream cheese,vanilla,egg,walnut,,,,,,,,,,,,,,,,,,,,,,,
Russia,butter,brandy,wheat,vanilla,egg,walnut,,,,,,,,,,,,,,,,,,,,,,,
Russia,raisin,phyllo pastry,butter,caramel ice cream,granny smith apple,walnut,,,,,,,,,,,,,,,,,,,,,,,
Russia,Belgian endive,vinegar,chive,vegetable oil,dijon mustard,walnut oil,,,,,,,,,,,,,,,,,,,,,,,
Russia,flour,canola oil,flour,cottage cheese,egg,water,,,,,,,,,,,,,,,,,,,,,,,
Russia,butter,lemon_juice,lemon,cherry,cream,wheat,,,,,,,,,,,,,,,,,,,,,,,
Russia,egg yolk,butter,cream cheese,vanilla,cottage cheese,whipped cream,,,,,,,,,,,,,,,,,,,,,,,
Russia,vinegar,seed,cucumber,dill,garlic,white_wine,,,,,,,,,,,,,,,,,,,,,,,
Russia,vinegar,bean,wheat,cream,milk,white_wine,,,,,,,,,,,,,,,,,,,,,,,
Russia,coffee,salad oil,milk,egg,flour,yeast,,,,,,,,,,,,,,,,,,,,,,,
Russia,honey,water,apple,cinnamon,raisin,yeast,,,,,,,,,,,,,,,,,,,,,,,
Russia,kefir,vanillabean,gelatine powder,strawberry,Vodka,,,,,,,,,,,,,,,,,,,,,,,,
Russia,butter,milk,preserves,flour,active dry yeast,,,,,,,,,,,,,,,,,,,,,,,,
Russia,vanillaextract,water,fresh lemon juice,orange juice,almond,,,,,,,,,,,,,,,,,,,,,,,,
Russia,cabbage,butter,onion,red potato,beer,,,,,,,,,,,,,,,,,,,,,,,,
Russia,prunes,walnut,garlic,mayonaise,beet,,,,,,,,,,,,,,,,,,,,,,,,
Russia,vinegar,orange peel,orange juice,beet,butter,,,,,,,,,,,,,,,,,,,,,,,,
Russia,seed,vegetable oil,egg noodles,egg,butter,,,,,,,,,,,,,,,,,,,,,,,,
Russia,baking powder,oil,egg,flour,buttermilk,,,,,,,,,,,,,,,,,,,,,,,,
Russia,pepper,oil,onion,butter,caster ,,,,,,,,,,,,,,,,,,,,,,,,
Russia,shrimp,mayonnaise,egg,pineapple,cheese,,,,,,,,,,,,,,,,,,,,,,,,
Russia,butter,lemon,almond,egg,cinnamon,,,,,,,,,,,,,,,,,,,,,,,,
Russia,butter,wheat,vanilla,egg,cocoa,,,,,,,,,,,,,,,,,,,,,,,,
Russia,vodka,flour,butter,hazelnut,confectioner,,,,,,,,,,,,,,,,,,,,,,,,
Russia,milk,dark chocolate,halva vanilla,walnut,copha,,,,,,,,,,,,,,,,,,,,,,,,
Russia,tomato,dill,green_bell_pepper,onion,cream,,,,,,,,,,,,,,,,,,,,,,,,
Russia,egg noodles,cottage cheese,bacon,smoke,cream,,,,,,,,,,,,,,,,,,,,,,,,
Russia,wheat,fruit,egg,vegetable oil,cream,,,,,,,,,,,,,,,,,,,,,,,,
Russia,butter,wheat,egg,vegetable oil,cream,,,,,,,,,,,,,,,,,,,,,,,,
Russia,butter,wheat,egg,onion,cream cheese,,,,,,,,,,,,,,,,,,,,,,,,
Russia,butter,apricot,fruit,wheat,cream cheese,,,,,,,,,,,,,,,,,,,,,,,,
Russia,carrot,sebago potato,beetroot,onion,cucumber,,,,,,,,,,,,,,,,,,,,,,,,
Russia,thickened cream,sour cream,vegetable oil,copha,dill,,,,,,,,,,,,,,,,,,,,,,,,
Russia,sweet onion,bell pepper,tomato,sour cream,dill,,,,,,,,,,,,,,,,,,,,,,,,
Russia,flour,butter,egg,water,dill,,,,,,,,,,,,,,,,,,,,,,,,
Russia,butter,wheat,vanilla,almond,egg,,,,,,,,,,,,,,,,,,,,,,,,
Russia,butter,wheat,vanilla,seed,egg,,,,,,,,,,,,,,,,,,,,,,,,
Russia,pistachios,soy  sauce,turbinado,heavy cream,egg yolk,,,,,,,,,,,,,,,,,,,,,,,,
Russia,raisin,flour,egg,vegetable oil,farm cheese,,,,,,,,,,,,,,,,,,,,,,,,
Russia,egg,flour,sour cream,butter,farm cheese,,,,,,,,,,,,,,,,,,,,,,,,
Russia,malt,hops,barley,yeast,flaked oats,,,,,,,,,,,,,,,,,,,,,,,,
Russia,egg,vegetable oil,milk,butter,flour,,,,,,,,,,,,,,,,,,,,,,,,
Russia,oil,raisin,baking powder,egg,flour,,,,,,,,,,,,,,,,,,,,,,,,
Russia,active dry yeast,milk,heavy cream,egg yolk,flour,,,,,,,,,,,,,,,,,,,,,,,,
Russia,milk,egg,yeast,melted butter,flour,,,,,,,,,,,,,,,,,,,,,,,,
Russia,golden raisins,confectioner,egg,milk,flour,,,,,,,,,,,,,,,,,,,,,,,,
Russia,minced meat,parsley,cumin powder,water,flour,,,,,,,,,,,,,,,,,,,,,,,,
Russia,egg,granny smith apple,baking powder,cake,flour,,,,,,,,,,,,,,,,,,,,,,,,
Russia,egg,butter,milk,oil,flour,,,,,,,,,,,,,,,,,,,,,,,,
Russia,water,dill seed,vinegar,seedless cucumber,garlic,,,,,,,,,,,,,,,,,,,,,,,,
Russia,apple,cabbage,water,beet,ginger,,,,,,,,,,,,,,,,,,,,,,,,
Russia,baking soda,vanillaextract,egg,flour,granny smith apple,,,,,,,,,,,,,,,,,,,,,,,,
Russia,egg,flour,egg yolk,yukon potato,ground white pepper,,,,,,,,,,,,,,,,,,,,,,,,
Russia,butter,wheat,anise,egg,lard,,,,,,,,,,,,,,,,,,,,,,,,
Russia,wheat,vanilla,egg,whiskey,lard,,,,,,,,,,,,,,,,,,,,,,,,
Russia,honey,yeast,raisin,water,lemon,,,,,,,,,,,,,,,,,,,,,,,,
Russia,butter, chicken breasts,flour,vegetable oil,lemon wedge,,,,,,,,,,,,,,,,,,,,,,,,
Russia,butter,egg,whipped cream,flour,milk,,,,,,,,,,,,,,,,,,,,,,,,
Russia,rye_bread,yeast,raisin,water,mint leaves,,,,,,,,,,,,,,,,,,,,,,,,
Russia,butter,macaroni,sauerkraut,onion,mushroom,,,,,,,,,,,,,,,,,,,,,,,,
Russia,cottage cheese,vanilla,egg,flour,oil,,,,,,,,,,,,,,,,,,,,,,,,
Russia,cheese,flour,egg,vanilla,oil,,,,,,,,,,,,,,,,,,,,,,,,
Russia,vinegar,pepper,cucumber,bell pepper,onion,,,,,,,,,,,,,,,,,,,,,,,,
Russia,butter,egg noodles,cabbage,black pepper,onion,,,,,,,,,,,,,,,,,,,,,,,,
Russia,white bread,ground meat,vegetable oil,bread crumbs,onion,,,,,,,,,,,,,,,,,,,,,,,,
Russia,tomato,olive_oil,lemon,milk,onion,,,,,,,,,,,,,,,,,,,,,,,,
Russia,butter,egg noodles,cabbage,pepper,onion,,,,,,,,,,,,,,,,,,,,,,,,
Russia,chicken,swiss_cheese,black pepper,sauerkraut,parsley,,,,,,,,,,,,,,,,,,,,,,,,
Russia,mayonaise,beet,potato,egg,pepper,,,,,,,,,,,,,,,,,,,,,,,,
Russia,butter,macaroni,cream cheese,onion,potato,,,,,,,,,,,,,,,,,,,,,,,,
Russia,butter,black pepper,chicken stock,fine ,poussins,,,,,,,,,,,,,,,,,,,,,,,,
Russia,olive oil,caviar,potato,chopped fresh chives,sour cream,,,,,,,,,,,,,,,,,,,,,,,,
Russia,vinegar,pepper,water,cucumber,sweet paprika,,,,,,,,,,,,,,,,,,,,,,,,
Russia,butter,cream cheese,candied orange peel,ricotta cheese,vanillabeans,,,,,,,,,,,,,,,,,,,,,,,,
Russia,vanillabeans,starch,egg yolk,milk,vanillaextract,,,,,,,,,,,,,,,,,,,,,,,,
Russia,milk,yeast,egg,flour,vegetable oil,,,,,,,,,,,,,,,,,,,,,,,,
Russia,egg,flour,potato,sour cream,vegetable oil,,,,,,,,,,,,,,,,,,,,,,,,
Russia,flour,soda,kefir,egg,vegetable oil,,,,,,,,,,,,,,,,,,,,,,,,
Russia,butter,wheat,egg,milk,vegetable oil,,,,,,,,,,,,,,,,,,,,,,,,
Russia,dill,beef,meat,cream cheese,vinegar,,,,,,,,,,,,,,,,,,,,,,,,
Russia,butter,whiskey,vanilla,egg,wheat,,,,,,,,,,,,,,,,,,,,,,,,
Russia,water,ramen noodles,egg,baking powder,whipped cream,,,,,,,,,,,,,,,,,,,,,,,,
Russia,wheat,seed,egg,milk,yeast,,,,,,,,,,,,,,,,,,,,,,,,
Russia,butter,cabbage,egg,dill,yeast,,,,,,,,,,,,,,,,,,,,,,,,
Russia,pasta,Philadelphia Cooking Creme,beef stew meat,mushroom,yellow onion,,,,,,,,,,,,,,,,,,,,,,,,
Russia,salad dressing,boneless skinless chicken breasts,onion,apricot preserves,,,,,,,,,,,,,,,,,,,,,,,,,
Russia,stevia,sour cream,strawberry,brown ,,,,,,,,,,,,,,,,,,,,,,,,,
Russia,pumpkin,water,rice,butter,,,,,,,,,,,,,,,,,,,,,,,,,
Russia,hazelnut,flour,vanillaextract,butter,,,,,,,,,,,,,,,,,,,,,,,,,
Russia,chicken,oil,black pepper,buttermilk,,,,,,,,,,,,,,,,,,,,,,,,,
Russia,egg noodles,pork,black pepper,cabbage,,,,,,,,,,,,,,,,,,,,,,,,,
Russia,beef roast,onion,potato,carrot,,,,,,,,,,,,,,,,,,,,,,,,,
Russia,egg,milk,flour,cheese,,,,,,,,,,,,,,,,,,,,,,,,,
Russia,yeast,water,raisin,cherry,,,,,,,,,,,,,,,,,,,,,,,,,
Russia,tarragon,parsley, egg whites,chicken,,,,,,,,,,,,,,,,,,,,,,,,,
Russia,milk_fat,egg,milk,cinnamon,,,,,,,,,,,,,,,,,,,,,,,,,
Russia,butter,egg,wheat,cocoa,,,,,,,,,,,,,,,,,,,,,,,,,
Russia,wheat,egg,milk,cottage cheese,,,,,,,,,,,,,,,,,,,,,,,,,
Russia,wheat,egg,vegetable oil,cottage cheese,,,,,,,,,,,,,,,,,,,,,,,,,
Russia,pistachio,egg,sour_cherry,cream,,,,,,,,,,,,,,,,,,,,,,,,,
Russia,wheat,egg,vegetable oil,cream,,,,,,,,,,,,,,,,,,,,,,,,,
Russia,butter,egg,wheat,cream,,,,,,,,,,,,,,,,,,,,,,,,,
Russia,butter,wheat,apple,cream cheese,,,,,,,,,,,,,,,,,,,,,,,,,
Russia,butter,apricot,wheat,cream cheese,,,,,,,,,,,,,,,,,,,,,,,,,
Russia,butter,strawberry,wheat,cream cheese,,,,,,,,,,,,,,,,,,,,,,,,,
Russia,water,dark rye_flour,active dry yeast,dark corn syrup,,,,,,,,,,,,,,,,,,,,,,,,,
Russia,bay leaves?onion ,salmon fillets,parsley,dill,,,,,,,,,,,,,,,,,,,,,,,,,
Russia,radishes,scallion,vinegar,dried red chile peppers,,,,,,,,,,,,,,,,,,,,,,,,,
Russia,milk,butter,flour,egg,,,,,,,,,,,,,,,,,,,,,,,,,
Russia,milk,yeast,flour,egg,,,,,,,,,,,,,,,,,,,,,,,,,
Russia,flour,oil,milk,egg,,,,,,,,,,,,,,,,,,,,,,,,,
Russia,butter,cabbage,puff pastry,egg,,,,,,,,,,,,,,,,,,,,,,,,,
Russia,gelatin,water,food colouring,egg whites,,,,,,,,,,,,,,,,,,,,,,,,,
Russia,cottage cheese,milk,egg,flour,,,,,,,,,,,,,,,,,,,,,,,,,
Russia,vinegar,black pepper,bell pepper,garlic,,,,,,,,,,,,,,,,,,,,,,,,,
Russia,walnut,light mayonnaise,carrot,garlic,,,,,,,,,,,,,,,,,,,,,,,,,
Russia,mozzarella_cheese,vegetable oil,egg,garlic,,,,,,,,,,,,,,,,,,,,,,,,,
Russia,Baileys Irish Cream Liqueur,vodka,vanillaice cream,Godiva Chocolate Liqueur,,,,,,,,,,,,,,,,,,,,,,,,,
Russia,flour,mutton,soy  sauce,lamb bones,,,,,,,,,,,,,,,,,,,,,,,,,
Russia,black pepper,pork,garlic,meat,,,,,,,,,,,,,,,,,,,,,,,,,
Russia,milk_fat,vanilla,egg,milk,,,,,,,,,,,,,,,,,,,,,,,,,
Russia,nutmeg,vanilla,egg,milk,,,,,,,,,,,,,,,,,,,,,,,,,
Russia,frozen raspberries,water,starch,milk,,,,,,,,,,,,,,,,,,,,,,,,,
Russia,lamb livers,pig,oil,onion,,,,,,,,,,,,,,,,,,,,,,,,,
Russia,vegetables,buckwheat groats,white mushroom,onion,,,,,,,,,,,,,,,,,,,,,,,,,
Russia,BACARDI Mixers Margarita Mix,blueberries,BACARDI Superior,orange juice,,,,,,,,,,,,,,,,,,,,,,,,,
Russia,mutton,oil,onion,pig caul fat,,,,,,,,,,,,,,,,,,,,,,,,,
Russia,butter,cream,egg,potato,,,,,,,,,,,,,,,,,,,,,,,,,
Russia,rye_bread,water,active dry yeast,raisin,,,,,,,,,,,,,,,,,,,,,,,,,
Russia,beef,swiss_cheese,sauerkraut,rye_bread,,,,,,,,,,,,,,,,,,,,,,,,,
Russia,butter,sliced green onion,egg noodles,seed,,,,,,,,,,,,,,,,,,,,,,,,,
Russia,vanilla,butter,flour,seed,,,,,,,,,,,,,,,,,,,,,,,,,
Russia,horseradish,smoked_sausage,beet,smoke,,,,,,,,,,,,,,,,,,,,,,,,,
Russia,mayonnaise,sour cream,capers,sprigs of dill,,,,,,,,,,,,,,,,,,,,,,,,,
Russia,vanilla,egg,milk,starch,,,,,,,,,,,,,,,,,,,,,,,,,
Russia, egg whites,walnut,unsweetened cocoa powder,vanillaextract,,,,,,,,,,,,,,,,,,,,,,,,,
Russia,cane_molasses,red_wine,cinnamon,walnut,,,,,,,,,,,,,,,,,,,,,,,,,
Russia,butter,vanilla,flour,walnut,,,,,,,,,,,,,,,,,,,,,,,,,
Russia,egg,flour,melted butter,water,,,,,,,,,,,,,,,,,,,,,,,,,
Russia,butter,vanilla,seed,wheat,,,,,,,,,,,,,,,,,,,,,,,,,
Russia,dill,clam,cream,white_wine,,,,,,,,,,,,,,,,,,,,,,,,,
Russia,starch,almond,sour_cherry,white_wine,,,,,,,,,,,,,,,,,,,,,,,,,
Russia,medium zucchini,spices,pork loin,yellow onion,,,,,,,,,,,,,,,,,,,,,,,,,
Russia,horseradish root,vinegar,beet,,,,,,,,,,,,,,,,,,,,,,,,,,
Russia,whey,water,beet,,,,,,,,,,,,,,,,,,,,,,,,,,
Russia,horseradish,sour cream,black pepper,,,,,,,,,,,,,,,,,,,,,,,,,,
Russia,olive oil,seed,brussels sprouts,,,,,,,,,,,,,,,,,,,,,,,,,,
Russia,vinegar,black pepper,cinnamon,,,,,,,,,,,,,,,,,,,,,,,,,,
Russia,horseradish,black pepper,cream,,,,,,,,,,,,,,,,,,,,,,,,,,
Russia,vegetable oil,wheat,egg,,,,,,,,,,,,,,,,,,,,,,,,,,
Russia,yeast,baking powder,flour,,,,,,,,,,,,,,,,,,,,,,,,,,
Russia,flour,water,flour,,,,,,,,,,,,,,,,,,,,,,,,,,
Russia,cane_molasses,egg,hazelnut,,,,,,,,,,,,,,,,,,,,,,,,,,
Russia,cream,egg,hazelnut,,,,,,,,,,,,,,,,,,,,,,,,,,
Russia,butter,wheat,hazelnut,,,,,,,,,,,,,,,,,,,,,,,,,,
Russia,dill,butter,meat,,,,,,,,,,,,,,,,,,,,,,,,,,
Russia,water,corn_grit,mozzarella_cheese,,,,,,,,,,,,,,,,,,,,,,,,,,
Russia,brussels sprouts,seed,olive oil,,,,,,,,,,,,,,,,,,,,,,,,,,
Russia,celery,chicken,onion,,,,,,,,,,,,,,,,,,,,,,,,,,
Russia,shredded cheddar cheese,potato,pepper,,,,,,,,,,,,,,,,,,,,,,,,,,
Russia,smoked_sausage,sauerkraut,pork sausage,,,,,,,,,,,,,,,,,,,,,,,,,,
Russia,pepper,cheddar cheese,potato,,,,,,,,,,,,,,,,,,,,,,,,,,
Russia,rye_bread,water,raisin,,,,,,,,,,,,,,,,,,,,,,,,,,
Russia,almond,syrup,starch,,,,,,,,,,,,,,,,,,,,,,,,,,
Russia,egg,flour,tart apple,,,,,,,,,,,,,,,,,,,,,,,,,,
Russia,vegetables,cabbage,tomato,,,,,,,,,,,,,,,,,,,,,,,,,,
Russia,horseradish,beet,vinegar,,,,,,,,,,,,,,,,,,,,,,,,,,
Russia,black pepper,garlic,water,,,,,,,,,,,,,,,,,,,,,,,,,,
Russia,raspberry,honey,water,,,,,,,,,,,,,,,,,,,,,,,,,,
Russia,corn,rye_flour,yeast,,,,,,,,,,,,,,,,,,,,,,,,,,
Russia,cherry,apple,,,,,,,,,,,,,,,,,,,,,,,,,,,
Russia,horseradish,beet,,,,,,,,,,,,,,,,,,,,,,,,,,,
Russia,prepared horseradish,beet,,,,,,,,,,,,,,,,,,,,,,,,,,,
Russia,water,bittersweet chocolate,,,,,,,,,,,,,,,,,,,,,,,,,,,
Russia,milk,butter,,,,,,,,,,,,,,,,,,,,,,,,,,,
Russia,vanilla,cream,,,,,,,,,,,,,,,,,,,,,,,,,,,
Russia,egg,milk,,,,,,,,,,,,,,,,,,,,,,,,,,,
Russia,lemon,milk,,,,,,,,,,,,,,,,,,,,,,,,,,,
Russia,corn_grit,mozzarella_cheese,,,,,,,,,,,,,,,,,,,,,,,,,,,
Russia,apricot,rum,,,,,,,,,,,,,,,,,,,,,,,,,,,
Russia,vodka,sour cherries,,,,,,,,,,,,,,,,,,,,,,,,,,,
Russia,egg,walnut,,,,,,,,,,,,,,,,,,,,,,,,,,,
Russia,beet,water,,,,,,,,,,,,,,,,,,,,,,,,,,,
Russia,dried fruit,water,,,,,,,,,,,,,,,,,,,,,,,,,,,
Russia,starch,water,,,,,,,,,,,,,,,,,,,,,,,,,,,
Russia,egg,wheat,,,,,,,,,,,,,,,,,,,,,,,,,,,
Russia,cocoa,water,,,,,,,,,,,,,,,,,,,,,,,,,,,
Russia,water,lemon,potato,,,,,,,,,,,,,,,,,,,,,,,,,,
Russia,water,garlic,onion,,,,,,,,,,,,,,,,,,,,,,,,,,